Workbook

Sheet Dashboard
B2: Research submissions
B3: ="As of "&TEXT(TODAY(),"d mmmm yyyy")&" · edit the Submissions and Papers sheets; this page updates itself" -> As of 11 October 2026 · edit the Submissions and Papers sheets; this page updates itself | J3: Chase editor after (days): | M3: 90
B5: PAPERS TRACKED | D5: WAITING ON YOU | F5: UNDER REVIEW | H5: REVISIONS DUE | J5: SUBMISSIONS SENT | L5: ACCEPTED
B6: =COUNTIFS(Papers!$A$2:$A$81,"<>",Papers!$F$2:$F$81,"<>Parked",Papers!$F$2:$F$81,"<>Closed – rejected",Papers!$F$2:$F$81,"<>Withdrawn",Papers!$F$2:$F$81,"<>Published") -> 16 | D6: =COUNTIF(Papers!$F$2:$F$81,"Revision due")+COUNTIF(Papers!$F$2:$F$81,"Needs resubmission")+COUNTIF(Papers!$F$2:$F$81,"Not yet submitted") -> 6 | F6: =COUNTIF(Papers!$F$2:$F$81,"Under review") -> 10 | H6: =COUNTIF(Papers!$F$2:$F$81,"Revision due") -> 0 | J6: =SUM(Submissions!$J$2:$J$1000) -> 84 | L6: =COUNTIF(Submissions!$D$2:$D$1000,"Accepted") -> 0
B7: excl. closed, parked, published | D7: to (re)submit or revise | F7: with a journal now | H7: decision: revise & resubmit | J7: =COUNTIFS(Submissions!$D$2:$D$1000,"Rejected")+COUNTIFS(Submissions!$D$2:$D$1000,"Returned by office")&" rejected or returned" -> 73 rejected or returned | L7: ="avg "&IFERROR(ROUND(AVERAGEIFS(Submissions!$G$2:$G$1000,Submissions!$F$2:$F$1000,"<>",Submissions!$J$2:$J$1000,1),0),"–")&" days to a decision" -> avg 36 days to a decision
B9: Waiting on you | H9: =IF(COUNT(Papers!$O$2:$O$81)>12,"showing top 12 of "&COUNT(Papers!$O$2:$O$81),"longest-idle first") -> longest-idle first
B10: PAPER | E10: STAGE | F10: LAST JOURNAL TRIED | I10: IDLE (DAYS) | J10: NEXT IN QUEUE
B11: =IF($O11="","",INDEX(Papers!$A$2:$A$81,$O11)&"") -> Trust by Design (India engagement) | E11: =IF($O11="","",INDEX(Papers!$F$2:$F$81,$O11)&"") -> Needs resubmission | F11: =IF($O11="","",INDEX(Papers!$G$2:$G$81,$O11)&"") -> Industrial and Commercial Training | I11: =IF($O11="","",INDEX(Papers!$I$2:$I$81,$O11)) -> 439 | J11: =IF($O11="","",INDEX(Papers!$J$2:$J$81,$O11)&"") -> Strategic HR Review | O11: =IFERROR(MATCH(1,Papers!$O$2:$O$81,0),"") -> 15
B12: =IF($O12="","",INDEX(Papers!$A$2:$A$81,$O12)&"") -> Cockroach Spoke Back (Instagram, irony) | E12: =IF($O12="","",INDEX(Papers!$F$2:$F$81,$O12)&"") -> Needs resubmission | F12: =IF($O12="","",INDEX(Papers!$G$2:$G$81,$O12)&"") -> Media, Culture & Society | I12: =IF($O12="","",INDEX(Papers!$I$2:$I$81,$O12)) -> 102 | J12: =IF($O12="","",INDEX(Papers!$J$2:$J$81,$O12)&"") | O12: =IFERROR(MATCH(2,Papers!$O$2:$O$81,0),"") -> 4
B13: =IF($O13="","",INDEX(Papers!$A$2:$A$81,$O13)&"") -> From Medium to Interlocutor (GenAI) | E13: =IF($O13="","",INDEX(Papers!$F$2:$F$81,$O13)&"") -> Needs resubmission | F13: =IF($O13="","",INDEX(Papers!$G$2:$G$81,$O13)&"") -> Information, Communication & Society | I13: =IF($O13="","",INDEX(Papers!$I$2:$I$81,$O13)) -> 1 | J13: =IF($O13="","",INDEX(Papers!$J$2:$J$81,$O13)&"") -> Journal of Computer-Mediated Communication | O13: =IFERROR(MATCH(3,Papers!$O$2:$O$81,0),"") -> 11
B14: =IF($O14="","",INDEX(Papers!$A$2:$A$81,$O14)&"") -> Distributed securitization (India SIR) | E14: =IF($O14="","",INDEX(Papers!$F$2:$F$81,$O14)&"") -> Not yet submitted | F14: =IF($O14="","",INDEX(Papers!$G$2:$G$81,$O14)&"") | I14: =IF($O14="","",INDEX(Papers!$I$2:$I$81,$O14)) | J14: =IF($O14="","",INDEX(Papers!$J$2:$J$81,$O14)&"") -> Security Studies | O14: =IFERROR(MATCH(4,Papers!$O$2:$O$81,0),"") -> 6
B15: =IF($O15="","",INDEX(Papers!$A$2:$A$81,$O15)&"") -> Right to the Secret (Blanchot–Heidegger) | E15: =IF($O15="","",INDEX(Papers!$F$2:$F$81,$O15)&"") -> Not yet submitted | F15: =IF($O15="","",INDEX(Papers!$G$2:$G$81,$O15)&"") | I15: =IF($O15="","",INDEX(Papers!$I$2:$I$81,$O15)) | J15: =IF($O15="","",INDEX(Papers!$J$2:$J$81,$O15)&"") -> Philosophy of Management | O15: =IFERROR(MATCH(5,Papers!$O$2:$O$81,0),"") -> 12
B16: =IF($O16="","",INDEX(Papers!$A$2:$A$81,$O16)&"") -> Organizational Silence (lit review) | E16: =IF($O16="","",INDEX(Papers!$F$2:$F$81,$O16)&"") -> Not yet submitted | F16: =IF($O16="","",INDEX(Papers!$G$2:$G$81,$O16)&"") | I16: =IF($O16="","",INDEX(Papers!$I$2:$I$81,$O16)) | J16: =IF($O16="","",INDEX(Papers!$J$2:$J$81,$O16)&"") -> Journal of Information, Communication and Ethics in Society | O16: =IFERROR(MATCH(6,Papers!$O$2:$O$81,0),"") -> 13
B17: =IF($O17="","",INDEX(Papers!$A$2:$A$81,$O17)&"") | E17: =IF($O17="","",INDEX(Papers!$F$2:$F$81,$O17)&"") | F17: =IF($O17="","",INDEX(Papers!$G$2:$G$81,$O17)&"") | I17: =IF($O17="","",INDEX(Papers!$I$2:$I$81,$O17)) | J17: =IF($O17="","",INDEX(Papers!$J$2:$J$81,$O17)&"") | O17: =IFERROR(MATCH(7,Papers!$O$2:$O$81,0),"")
B18: =IF($O18="","",INDEX(Papers!$A$2:$A$81,$O18)&"") | E18: =IF($O18="","",INDEX(Papers!$F$2:$F$81,$O18)&"") | F18: =IF($O18="","",INDEX(Papers!$G$2:$G$81,$O18)&"") | I18: =IF($O18="","",INDEX(Papers!$I$2:$I$81,$O18)) | J18: =IF($O18="","",INDEX(Papers!$J$2:$J$81,$O18)&"") | O18: =IFERROR(MATCH(8,Papers!$O$2:$O$81,0),"")
B19: =IF($O19="","",INDEX(Papers!$A$2:$A$81,$O19)&"") | E19: =IF($O19="","",INDEX(Papers!$F$2:$F$81,$O19)&"") | F19: =IF($O19="","",INDEX(Papers!$G$2:$G$81,$O19)&"") | I19: =IF($O19="","",INDEX(Papers!$I$2:$I$81,$O19)) | J19: =IF($O19="","",INDEX(Papers!$J$2:$J$81,$O19)&"") | O19: =IFERROR(MATCH(9,Papers!$O$2:$O$81,0),"")
B20: =IF($O20="","",INDEX(Papers!$A$2:$A$81,$O20)&"") | E20: =IF($O20="","",INDEX(Papers!$F$2:$F$81,$O20)&"") | F20: =IF($O20="","",INDEX(Papers!$G$2:$G$81,$O20)&"") | I20: =IF($O20="","",INDEX(Papers!$I$2:$I$81,$O20)) | J20: =IF($O20="","",INDEX(Papers!$J$2:$J$81,$O20)&"") | O20: =IFERROR(MATCH(10,Papers!$O$2:$O$81,0),"")
B21: =IF($O21="","",INDEX(Papers!$A$2:$A$81,$O21)&"") | E21: =IF($O21="","",INDEX(Papers!$F$2:$F$81,$O21)&"") | F21: =IF($O21="","",INDEX(Papers!$G$2:$G$81,$O21)&"") | I21: =IF($O21="","",INDEX(Papers!$I$2:$I$81,$O21)) | J21: =IF($O21="","",INDEX(Papers!$J$2:$J$81,$O21)&"") | O21: =IFERROR(MATCH(11,Papers!$O$2:$O$81,0),"")
B22: =IF($O22="","",INDEX(Papers!$A$2:$A$81,$O22)&"") | E22: =IF($O22="","",INDEX(Papers!$F$2:$F$81,$O22)&"") | F22: =IF($O22="","",INDEX(Papers!$G$2:$G$81,$O22)&"") | I22: =IF($O22="","",INDEX(Papers!$I$2:$I$81,$O22)) | J22: =IF($O22="","",INDEX(Papers!$J$2:$J$81,$O22)&"") | O22: =IFERROR(MATCH(12,Papers!$O$2:$O$81,0),"")
B24: Under review now | H24: =IF(COUNT(Submissions!$O$2:$O$1000)>14,"showing longest 14 of "&COUNT(Submissions!$O$2:$O$1000),"longest wait first") -> longest wait first
B25: PAPER | E25: JOURNAL | I25: SUBMITTED | J25: DAYS | K25: CHECK
B26: =IF($O26="","",INDEX(Submissions!$A$2:$A$1000,$O26)&"") -> Death & language: Heidegger–Blanchot | E26: =IF($O26="","",INDEX(Submissions!$B$2:$B$1000,$O26)&"") -> Comparative and Continental Philosophy | I26: =IF($O26="","",INDEX(Submissions!$E$2:$E$1000,$O26)) -> 45812 | J26: =IF($O26="","",INDEX(Submissions!$G$2:$G$1000,$O26)) -> 494 | K26: =IF($O26="","",IF(J26>=2*$M$3,"Overdue: chase editor",IF(J26>=$M$3,"Check status",""))) -> Overdue: chase editor | O26: =IFERROR(MATCH(1,Submissions!$O$2:$O$1000,0),"") -> 7
B27: =IF($O27="","",INDEX(Submissions!$A$2:$A$1000,$O27)&"") -> Farmers’ protest & radical passivity | E27: =IF($O27="","",INDEX(Submissions!$B$2:$B$1000,$O27)&"") -> Applied Linguistics | I27: =IF($O27="","",INDEX(Submissions!$E$2:$E$1000,$O27)) -> 46045 | J27: =IF($O27="","",INDEX(Submissions!$G$2:$G$1000,$O27)) -> 261 | K27: =IF($O27="","",IF(J27>=2*$M$3,"Overdue: chase editor",IF(J27>=$M$3,"Check status",""))) -> Overdue: chase editor | O27: =IFERROR(MATCH(2,Submissions!$O$2:$O$1000,0),"") -> 135
B28: =IF($O28="","",INDEX(Submissions!$A$2:$A$1000,$O28)&"") -> Algorithmic silence & org. power | E28: =IF($O28="","",INDEX(Submissions!$B$2:$B$1000,$O28)&"") -> Organization Theory | I28: =IF($O28="","",INDEX(Submissions!$E$2:$E$1000,$O28)) -> 46153 | J28: =IF($O28="","",INDEX(Submissions!$G$2:$G$1000,$O28)) -> 153 | K28: =IF($O28="","",IF(J28>=2*$M$3,"Overdue: chase editor",IF(J28>=$M$3,"Check status",""))) -> Check status | O28: =IFERROR(MATCH(3,Submissions!$O$2:$O$1000,0),"") -> 78
B29: =IF($O29="","",INDEX(Submissions!$A$2:$A$1000,$O29)&"") -> Intentional tacit knowledge hiding (Malawi) | E29: =IF($O29="","",INDEX(Submissions!$B$2:$B$1000,$O29)&"") -> Global Knowledge, Memory and Communication | I29: =IF($O29="","",INDEX(Submissions!$E$2:$E$1000,$O29)) -> 46232 | J29: =IF($O29="","",INDEX(Submissions!$G$2:$G$1000,$O29)) -> 74 | K29: =IF($O29="","",IF(J29>=2*$M$3,"Overdue: chase editor",IF(J29>=$M$3,"Check status",""))) | O29: =IFERROR(MATCH(4,Submissions!$O$2:$O$1000,0),"") -> 98
B30: =IF($O30="","",INDEX(Submissions!$A$2:$A$1000,$O30)&"") -> Derrida hauntology & memory ethics | E30: =IF($O30="","",INDEX(Submissions!$B$2:$B$1000,$O30)&"") -> Time and Society | I30: =IF($O30="","",INDEX(Submissions!$E$2:$E$1000,$O30)) -> 46289 | J30: =IF($O30="","",INDEX(Submissions!$G$2:$G$1000,$O30)) -> 17 | K30: =IF($O30="","",IF(J30>=2*$M$3,"Overdue: chase editor",IF(J30>=$M$3,"Check status",""))) | O30: =IFERROR(MATCH(5,Submissions!$O$2:$O$1000,0),"") -> 34
B31: =IF($O31="","",INDEX(Submissions!$A$2:$A$1000,$O31)&"") -> ‘One dies’: Blanchot & organizational speech | E31: =IF($O31="","",INDEX(Submissions!$B$2:$B$1000,$O31)&"") -> Organization | I31: =IF($O31="","",INDEX(Submissions!$E$2:$E$1000,$O31)) -> 46296 | J31: =IF($O31="","",INDEX(Submissions!$G$2:$G$1000,$O31)) -> 10 | K31: =IF($O31="","",IF(J31>=2*$M$3,"Overdue: chase editor",IF(J31>=$M$3,"Check status",""))) | O31: =IFERROR(MATCH(6,Submissions!$O$2:$O$1000,0),"") -> 15
B32: =IF($O32="","",INDEX(Submissions!$A$2:$A$1000,$O32)&"") -> Is Leadership Inherently Violent? | E32: =IF($O32="","",INDEX(Submissions!$B$2:$B$1000,$O32)&"") -> Journal of Business Ethics | I32: =IF($O32="","",INDEX(Submissions!$E$2:$E$1000,$O32)) -> 46300 | J32: =IF($O32="","",INDEX(Submissions!$G$2:$G$1000,$O32)) -> 6 | K32: =IF($O32="","",IF(J32>=2*$M$3,"Overdue: chase editor",IF(J32>=$M$3,"Check status",""))) | O32: =IFERROR(MATCH(7,Submissions!$O$2:$O$1000,0),"") -> 160
B33: =IF($O33="","",INDEX(Submissions!$A$2:$A$1000,$O33)&"") -> Cockroaches, Not Citizens (CDA) | E33: =IF($O33="","",INDEX(Submissions!$B$2:$B$1000,$O33)&"") -> Discourse & Communication | I33: =IF($O33="","",INDEX(Submissions!$E$2:$E$1000,$O33)) -> 46300 | J33: =IF($O33="","",INDEX(Submissions!$G$2:$G$1000,$O33)) -> 6 | K33: =IF($O33="","",IF(J33>=2*$M$3,"Overdue: chase editor",IF(J33>=$M$3,"Check status",""))) | O33: =IFERROR(MATCH(8,Submissions!$O$2:$O$1000,0),"") -> 62
B34: =IF($O34="","",INDEX(Submissions!$A$2:$A$1000,$O34)&"") -> Bullshit without a bullshitter (GenAI) | E34: =IF($O34="","",INDEX(Submissions!$B$2:$B$1000,$O34)&"") -> Journal of Management Studies | I34: =IF($O34="","",INDEX(Submissions!$E$2:$E$1000,$O34)) -> 46301 | J34: =IF($O34="","",INDEX(Submissions!$G$2:$G$1000,$O34)) -> 5 | K34: =IF($O34="","",IF(J34>=2*$M$3,"Overdue: chase editor",IF(J34>=$M$3,"Check status",""))) | O34: =IFERROR(MATCH(9,Submissions!$O$2:$O$1000,0),"") -> 68
B35: =IF($O35="","",INDEX(Submissions!$A$2:$A$1000,$O35)&"") -> Cosmoceuticals | E35: =IF($O35="","",INDEX(Submissions!$B$2:$B$1000,$O35)&"") -> IEEE Transactions on Engineering Management | I35: =IF($O35="","",INDEX(Submissions!$E$2:$E$1000,$O35)) -> 46303 | J35: =IF($O35="","",INDEX(Submissions!$G$2:$G$1000,$O35)) -> 3 | K35: =IF($O35="","",IF(J35>=2*$M$3,"Overdue: chase editor",IF(J35>=$M$3,"Check status",""))) | O35: =IFERROR(MATCH(10,Submissions!$O$2:$O$1000,0),"") -> 169
B36: =IF($O36="","",INDEX(Submissions!$A$2:$A$1000,$O36)&"") | E36: =IF($O36="","",INDEX(Submissions!$B$2:$B$1000,$O36)&"") | I36: =IF($O36="","",INDEX(Submissions!$E$2:$E$1000,$O36)) | J36: =IF($O36="","",INDEX(Submissions!$G$2:$G$1000,$O36)) | K36: =IF($O36="","",IF(J36>=2*$M$3,"Overdue: chase editor",IF(J36>=$M$3,"Check status",""))) | O36: =IFERROR(MATCH(11,Submissions!$O$2:$O$1000,0),"")
B37: =IF($O37="","",INDEX(Submissions!$A$2:$A$1000,$O37)&"") | E37: =IF($O37="","",INDEX(Submissions!$B$2:$B$1000,$O37)&"") | I37: =IF($O37="","",INDEX(Submissions!$E$2:$E$1000,$O37)) | J37: =IF($O37="","",INDEX(Submissions!$G$2:$G$1000,$O37)) | K37: =IF($O37="","",IF(J37>=2*$M$3,"Overdue: chase editor",IF(J37>=$M$3,"Check status",""))) | O37: =IFERROR(MATCH(12,Submissions!$O$2:$O$1000,0),"")
B38: =IF($O38="","",INDEX(Submissions!$A$2:$A$1000,$O38)&"") | E38: =IF($O38="","",INDEX(Submissions!$B$2:$B$1000,$O38)&"") | I38: =IF($O38="","",INDEX(Submissions!$E$2:$E$1000,$O38)) | J38: =IF($O38="","",INDEX(Submissions!$G$2:$G$1000,$O38)) | K38: =IF($O38="","",IF(J38>=2*$M$3,"Overdue: chase editor",IF(J38>=$M$3,"Check status",""))) | O38: =IFERROR(MATCH(13,Submissions!$O$2:$O$1000,0),"")
B39: =IF($O39="","",INDEX(Submissions!$A$2:$A$1000,$O39)&"") | E39: =IF($O39="","",INDEX(Submissions!$B$2:$B$1000,$O39)&"") | I39: =IF($O39="","",INDEX(Submissions!$E$2:$E$1000,$O39)) | J39: =IF($O39="","",INDEX(Submissions!$G$2:$G$1000,$O39)) | K39: =IF($O39="","",IF(J39>=2*$M$3,"Overdue: chase editor",IF(J39>=$M$3,"Check status",""))) | O39: =IFERROR(MATCH(14,Submissions!$O$2:$O$1000,0),"")
B41: Pipeline and activity

Sheet How to use
B2: How to use this workbook
B4: The idea | C4: Two sheets hold the data. Everything on the Dashboard is calculated from them. You never edit the Dashboard.
B5: Papers sheet | C5: One row per paper. Short name is the key that links to Submissions, so keep it unique. Stage is calculated. Use ‘Override’ only to mark a paper Closed – rejected (no plan to resubmit), Parked, Withdrawn or Published. Those drop off the ‘Waiting on you’ list.
B6: Submissions sheet | C6: One row per attempt at a journal. Pick the paper, type the journal, set the status and the dates. Add new rows at the bottom, in any order.
B8: When you submit a paper | C8: Add a row (or change a ‘Planned’ row to ‘Under review’): Status = Under review, Date submitted = today.
B9: When a decision arrives | C9: Change Status (Rejected, Revision requested, Accepted…) and fill Date of decision. A rejected paper moves to ‘Needs resubmission’ on the Dashboard straight away.
B10: When you revise and resubmit | C10: Set the old row to ‘Revision resubmitted’ and add a new row for the revised version with Status = Under review.
B11: When you retitle a paper | C11: Update Current title on Papers. Put the old title in the Notes, or in ‘Title used’ on the Submissions row.
B12: Queue of next journals | C12: Add rows with Status = Planned and no dates, in the order you want to try them. The first Planned row shows up as ‘Next in queue’.
B13: A new paper | C13: Add a row on Papers (up to row 81). Then it appears in the Paper dropdown on Submissions.
B15: Stages | C15: Revision due: a journal asked for a revision. Needs resubmission: no journal has it right now. Not yet submitted: never sent out. Under review: with a journal. Accepted.
B16: Days idle | C16: Days since the last decision on a paper that no journal currently holds. Amber at 60+, red at 180+.
B17: Chase editor | C17: Set the number of days in the Dashboard (top right, default 90). Submissions waiting longer are flagged; at twice that they’re marked overdue.
B18: Date cells | C18: Statuses and dates are the only things that matter. Anything with a date but no matching status won’t be counted.

Sheet Papers
A1: Paper (short name, must be unique) | B1: Current title | C1: Authors | D1: Type | E1: Override (optional) | F1: Stage | G1: Last journal tried | H1: Last decision | I1: Days idle | J1: Next journal in queue | K1: Submissions sent | L1: Rejections | M1: Notes | N1: score | O1: rank
A2: Death & language: Heidegger–Blanchot | B2: Death, language, and the limits of communication: Heidegger and Blanchot in dialogue | C2: Kaushal, S., Guha, A. | D2: Journal article | F2: =IF($A2="","",IF($E2<>"",$E2,IF(COUNTIFS(Submissions!$A$2:$A$1000,$A2,Submissions!$D$2:$D$1000,"Accepted")>0,"Accepted",IF(COUNTIFS(Submissions!$A$2:$A$1000,$A2,Submissions!$D$2:$D$1000,"Revision requested")>0,"Revision due",IF(COUNTIFS(Submissions!$A$2:$A$1000,$A2,Submissions!$D$2:$D$1000,"Under review")>0,"Under review",IF($K2>0,"Needs resubmission","Not yet submitted")))))) -> Under review | G2: =IF($A2="","",IFERROR(INDEX(Submissions!$B$2:$B$1000,MATCH(_xlfn.MAXIFS(Submissions!$L$2:$L$1000,Submissions!$A$2:$A$1000,$A2),Submissions!$L$2:$L$1000,0)),"")) -> Comparative and Continental Philosophy | H2: =IF($A2="","",IF(_xlfn.MAXIFS(Submissions!$F$2:$F$1000,Submissions!$A$2:$A$1000,$A2)=0,"",_xlfn.MAXIFS(Submissions!$F$2:$F$1000,Submissions!$A$2:$A$1000,$A2))) -> 45804 | I2: =IF($F2="Needs resubmission",IF($H2="","",TODAY()-$H2),"") | J2: =IF($A2="","",IF(_xlfn.MINIFS(Submissions!$M$2:$M$1000,Submissions!$A$2:$A$1000,$A2)=0,"",INDEX(Submissions!$B$2:$B$1000,_xlfn.MINIFS(Submissions!$M$2:$M$1000,Submissions!$A$2:$A$1000,$A2)-1))) -> Research in Phenomenology | K2: =IF($A2="","",SUMIFS(Submissions!$J$2:$J$1000,Submissions!$A$2:$A$1000,$A2)) -> 7 | L2: =IF($A2="","",COUNTIFS(Submissions!$A$2:$A$1000,$A2,Submissions!$D$2:$D$1000,"Rejected")+COUNTIFS(Submissions!$A$2:$A$1000,$A2,Submissions!$D$2:$D$1000,"Returned by office")) -> 6 | M2: 7k words. Earlier title: The Voice of Silence: Heidegger and Blanchot on Death and the Limits of Communication. Your note: Research in Phenomenology first, then Angelaki, then Continental Philosophy Review. | N2: =IF(IF($F2="Revision due",3000,IF($F2="Needs resubmission",2000,IF($F2="Not yet submitted",1000,"")))="","",IF($F2="Revision due",3000,IF($F2="Needs resubmission",2000,IF($F2="Not yet submitted",1000,"")))+IF($I2="",0,MIN($I2,999))+(1000-ROW())/100000) | O2: =IF($N2="","",RANK($N2,$N$2:$N$81))
A3: ‘One dies’: Blanchot & organizational speech | B3: ‘One dies’: Blanchot, the impossibility of death and the unworking of organizational speech | D3: Journal article | F3: =IF($A3="","",IF($E3<>"",$E3,IF(COUNTIFS(Submissions!$A$2:$A$1000,$A3,Submissions!$D$2:$D$1000,"Accepted")>0,"Accepted",IF(COUNTIFS(Submissions!$A$2:$A$1000,$A3,Submissions!$D$2:$D$1000,"Revision requested")>0,"Revision due",IF(COUNTIFS(Submissions!$A$2:$A$1000,$A3,Submissions!$D$2:$D$1000,"Under review")>0,"Under review",IF($K3>0,"Needs resubmission","Not yet submitted")))))) -> Under review | G3: =IF($A3="","",IFERROR(INDEX(Submissions!$B$2:$B$1000,MATCH(_xlfn.MAXIFS(Submissions!$L$2:$L$1000,Submissions!$A$2:$A$1000,$A3),Submissions!$L$2:$L$1000,0)),"")) -> Organization | H3: =IF($A3="","",IF(_xlfn.MAXIFS(Submissions!$F$2:$F$1000,Submissions!$A$2:$A$1000,$A3)=0,"",_xlfn.MAXIFS(Submissions!$F$2:$F$1000,Submissions!$A$2:$A$1000,$A3))) | I3: =IF($F3="Needs resubmission",IF($H3="","",TODAY()-$H3),"") | J3: =IF($A3="","",IF(_xlfn.MINIFS(Submissions!$M$2:$M$1000,Submissions!$A$2:$A$1000,$A3)=0,"",INDEX(Submissions!$B$2:$B$1000,_xlfn.MINIFS(Submissions!$M$2:$M$1000,Submissions!$A$2:$A$1000,$A3)-1))) -> Human Relations | K3: =IF($A3="","",SUMIFS(Submissions!$J$2:$J$1000,Submissions!$A$2:$A$1000,$A3)) -> 1 | L3: =IF($A3="","",COUNTIFS(Submissions!$A$2:$A$1000,$A3,Submissions!$D$2:$D$1000,"Rejected")+COUNTIFS(Submissions!$A$2:$A$1000,$A3,Submissions!$D$2:$D$1000,"Returned by office")) -> 0 | N3: =IF(IF($F3="Revision due",3000,IF($F3="Needs resubmission",2000,IF($F3="Not yet submitted",1000,"")))="","",IF($F3="Revision due",3000,IF($F3="Needs resubmission",2000,IF($F3="Not yet submitted",1000,"")))+IF($I3="",0,MIN($I3,999))+(1000-ROW())/100000) | O3: =IF($N3="","",RANK($N3,$N$2:$N$81))
A4: Derrida hauntology & memory ethics | B4: The Time That Obligates: Derrida, Levinas, and a Hauntological Ethics of Memory | C4: Kaushal, S., Guha, A. | D4: Journal article | F4: =IF($A4="","",IF($E4<>"",$E4,IF(COUNTIFS(Submissions!$A$2:$A$1000,$A4,Submissions!$D$2:$D$1000,"Accepted")>0,"Accepted",IF(COUNTIFS(Submissions!$A$2:$A$1000,$A4,Submissions!$D$2:$D$1000,"Revision requested")>0,"Revision due",IF(COUNTIFS(Submissions!$A$2:$A$1000,$A4,Submissions!$D$2:$D$1000,"Under review")>0,"Under review",IF($K4>0,"Needs resubmission","Not yet submitted")))))) -> Under review | G4: =IF($A4="","",IFERROR(INDEX(Submissions!$B$2:$B$1000,MATCH(_xlfn.MAXIFS(Submissions!$L$2:$L$1000,Submissions!$A$2:$A$1000,$A4),Submissions!$L$2:$L$1000,0)),"")) -> Time and Society | H4: =IF($A4="","",IF(_xlfn.MAXIFS(Submissions!$F$2:$F$1000,Submissions!$A$2:$A$1000,$A4)=0,"",_xlfn.MAXIFS(Submissions!$F$2:$F$1000,Submissions!$A$2:$A$1000,$A4))) -> 45867 | I4: =IF($F4="Needs resubmission",IF($H4="","",TODAY()-$H4),"") | J4: =IF($A4="","",IF(_xlfn.MINIFS(Submissions!$M$2:$M$1000,Submissions!$A$2:$A$1000,$A4)=0,"",INDEX(Submissions!$B$2:$B$1000,_xlfn.MINIFS(Submissions!$M$2:$M$1000,Submissions!$A$2:$A$1000,$A4)-1))) -> Sociological Inquiry (Wiley) | K4: =IF($A4="","",SUMIFS(Submissions!$J$2:$J$1000,Submissions!$A$2:$A$1000,$A4)) -> 17 | L4: =IF($A4="","",COUNTIFS(Submissions!$A$2:$A$1000,$A4,Submissions!$D$2:$D$1000,"Rejected")+COUNTIFS(Submissions!$A$2:$A$1000,$A4,Submissions!$D$2:$D$1000,"Returned by office")) -> 16 | M4: Earlier titles: The Specter of Time: Tracing Derrida’s Hauntology… | The Ghosts of Time – Derrida’s Spectral Logic and the Haunting of Historical Presence | Spectral memory, différance, and the ethics of unfinished histories | Derrida, Hauntology, and the Temporal Ethics of Memory | N4: =IF(IF($F4="Revision due",3000,IF($F4="Needs resubmission",2000,IF($F4="Not yet submitted",1000,"")))="","",IF($F4="Revision due",3000,IF($F4="Needs resubmission",2000,IF($F4="Not yet submitted",1000,"")))+IF($I4="",0,MIN($I4,999))+(1000-ROW())/100000) | O4: =IF($N4="","",RANK($N4,$N$2:$N$81))
A5: Cockroach Spoke Back (Instagram, irony) | B5: When the Cockroach Spoke Back: Satirical Citizenship, Irony, and the Limits of Platform Politics | C5: Kaushal, S., Guha, A. | D5: Journal article | F5: =IF($A5="","",IF($E5<>"",$E5,IF(COUNTIFS(Submissions!$A$2:$A$1000,$A5,Submissions!$D$2:$D$1000,"Accepted")>0,"Accepted",IF(COUNTIFS(Submissions!$A$2:$A$1000,$A5,Submissions!$D$2:$D$1000,"Revision requested")>0,"Revision due",IF(COUNTIFS(Submissions!$A$2:$A$1000,$A5,Submissions!$D$2:$D$1000,"Under review")>0,"Under review",IF($K5>0,"Needs resubmission","Not yet submitted")))))) -> Needs resubmission | G5: =IF($A5="","",IFERROR(INDEX(Submissions!$B$2:$B$1000,MATCH(_xlfn.MAXIFS(Submissions!$L$2:$L$1000,Submissions!$A$2:$A$1000,$A5),Submissions!$L$2:$L$1000,0)),"")) -> Media, Culture & Society | H5: =IF($A5="","",IF(_xlfn.MAXIFS(Submissions!$F$2:$F$1000,Submissions!$A$2:$A$1000,$A5)=0,"",_xlfn.MAXIFS(Submissions!$F$2:$F$1000,Submissions!$A$2:$A$1000,$A5))) -> 46204 | I5: =IF($F5="Needs resubmission",IF($H5="","",TODAY()-$H5),"") -> 102 | J5: =IF($A5="","",IF(_xlfn.MINIFS(Submissions!$M$2:$M$1000,Submissions!$A$2:$A$1000,$A5)=0,"",INDEX(Submissions!$B$2:$B$1000,_xlfn.MINIFS(Submissions!$M$2:$M$1000,Submissions!$A$2:$A$1000,$A5)-1))) | K5: =IF($A5="","",SUMIFS(Submissions!$J$2:$J$1000,Submissions!$A$2:$A$1000,$A5)) -> 2 | L5: =IF($A5="","",COUNTIFS(Submissions!$A$2:$A$1000,$A5,Submissions!$D$2:$D$1000,"Rejected")+COUNTIFS(Submissions!$A$2:$A$1000,$A5,Submissions!$D$2:$D$1000,"Returned by office")) -> 2 | N5: =IF(IF($F5="Revision due",3000,IF($F5="Needs resubmission",2000,IF($F5="Not yet submitted",1000,"")))="","",IF($F5="Revision due",3000,IF($F5="Needs resubmission",2000,IF($F5="Not yet submitted",1000,"")))+IF($I5="",0,MIN($I5,999))+(1000-ROW())/100000) -> 2102.01 | O5: =IF($N5="","",RANK($N5,$N$2:$N$81)) -> 2
A6: Cockroaches, Not Citizens (CDA) | B6: Cockroaches, Not Citizens: A Critical-Generational-Socio-Cognitive Discourse Analysis of Delegitimization of India’s Cockroach Janta Party | D6: Journal article | F6: =IF($A6="","",IF($E6<>"",$E6,IF(COUNTIFS(Submissions!$A$2:$A$1000,$A6,Submissions!$D$2:$D$1000,"Accepted")>0,"Accepted",IF(COUNTIFS(Submissions!$A$2:$A$1000,$A6,Submissions!$D$2:$D$1000,"Revision requested")>0,"Revision due",IF(COUNTIFS(Submissions!$A$2:$A$1000,$A6,Submissions!$D$2:$D$1000,"Under review")>0,"Under review",IF($K6>0,"Needs resubmission","Not yet submitted")))))) -> Under review | G6: =IF($A6="","",IFERROR(INDEX(Submissions!$B$2:$B$1000,MATCH(_xlfn.MAXIFS(Submissions!$L$2:$L$1000,Submissions!$A$2:$A$1000,$A6),Submissions!$L$2:$L$1000,0)),"")) -> Discourse & Communication | H6: =IF($A6="","",IF(_xlfn.MAXIFS(Submissions!$F$2:$F$1000,Submissions!$A$2:$A$1000,$A6)=0,"",_xlfn.MAXIFS(Submissions!$F$2:$F$1000,Submissions!$A$2:$A$1000,$A6))) -> 46299 | I6: =IF($F6="Needs resubmission",IF($H6="","",TODAY()-$H6),"") | J6: =IF($A6="","",IF(_xlfn.MINIFS(Submissions!$M$2:$M$1000,Submissions!$A$2:$A$1000,$A6)=0,"",INDEX(Submissions!$B$2:$B$1000,_xlfn.MINIFS(Submissions!$M$2:$M$1000,Submissions!$A$2:$A$1000,$A6)-1))) -> Alternatives: Global, Local, Political | K6: =IF($A6="","",SUMIFS(Submissions!$J$2:$J$1000,Submissions!$A$2:$A$1000,$A6)) -> 3 | L6: =IF($A6="","",COUNTIFS(Submissions!$A$2:$A$1000,$A6,Submissions!$D$2:$D$1000,"Rejected")+COUNTIFS(Submissions!$A$2:$A$1000,$A6,Submissions!$D$2:$D$1000,"Returned by office")) -> 2 | N6: =IF(IF($F6="Revision due",3000,IF($F6="Needs resubmission",2000,IF($F6="Not yet submitted",1000,"")))="","",IF($F6="Revision due",3000,IF($F6="Needs resubmission",2000,IF($F6="Not yet submitted",1000,"")))+IF($I6="",0,MIN($I6,999))+(1000-ROW())/100000) | O6: =IF($N6="","",RANK($N6,$N$2:$N$81))
A7: Distributed securitization (India SIR) | B7: Distributed securitization: threat and procedure in India’s Special Intensive Revision of electoral rolls | D7: Journal article | F7: =IF($A7="","",IF($E7<>"",$E7,IF(COUNTIFS(Submissions!$A$2:$A$1000,$A7,Submissions!$D$2:$D$1000,"Accepted")>0,"Accepted",IF(COUNTIFS(Submissions!$A$2:$A$1000,$A7,Submissions!$D$2:$D$1000,"Revision requested")>0,"Revision due",IF(COUNTIFS(Submissions!$A$2:$A$1000,$A7,Submissions!$D$2:$D$1000,"Under review")>0,"Under review",IF($K7>0,"Needs resubmission","Not yet submitted")))))) -> Not yet submitted | G7: =IF($A7="","",IFERROR(INDEX(Submissions!$B$2:$B$1000,MATCH(_xlfn.MAXIFS(Submissions!$L$2:$L$1000,Submissions!$A$2:$A$1000,$A7),Submissions!$L$2:$L$1000,0)),"")) | H7: =IF($A7="","",IF(_xlfn.MAXIFS(Submissions!$F$2:$F$1000,Submissions!$A$2:$A$1000,$A7)=0,"",_xlfn.MAXIFS(Submissions!$F$2:$F$1000,Submissions!$A$2:$A$1000,$A7))) | I7: =IF($F7="Needs resubmission",IF($H7="","",TODAY()-$H7),"") | J7: =IF($A7="","",IF(_xlfn.MINIFS(Submissions!$M$2:$M$1000,Submissions!$A$2:$A$1000,$A7)=0,"",INDEX(Submissions!$B$2:$B$1000,_xlfn.MINIFS(Submissions!$M$2:$M$1000,Submissions!$A$2:$A$1000,$A7)-1))) -> Security Studies | K7: =IF($A7="","",SUMIFS(Submissions!$J$2:$J$1000,Submissions!$A$2:$A$1000,$A7)) -> 0 | L7: =IF($A7="","",COUNTIFS(Submissions!$A$2:$A$1000,$A7,Submissions!$D$2:$D$1000,"Rejected")+COUNTIFS(Submissions!$A$2:$A$1000,$A7,Submissions!$D$2:$D$1000,"Returned by office")) -> 0 | N7: =IF(IF($F7="Revision due",3000,IF($F7="Needs resubmission",2000,IF($F7="Not yet submitted",1000,"")))="","",IF($F7="Revision due",3000,IF($F7="Needs resubmission",2000,IF($F7="Not yet submitted",1000,"")))+IF($I7="",0,MIN($I7,999))+(1000-ROW())/100000) -> 1000.0099 | O7: =IF($N7="","",RANK($N7,$N$2:$N$81)) -> 4
A8: Bullshit without a bullshitter (GenAI) | B8: Bullshit Without a Bullshitter: Generative AI, Uptake, and the Organizational Laundering of Indifference to Truth | D8: Journal article | F8: =IF($A8="","",IF($E8<>"",$E8,IF(COUNTIFS(Submissions!$A$2:$A$1000,$A8,Submissions!$D$2:$D$1000,"Accepted")>0,"Accepted",IF(COUNTIFS(Submissions!$A$2:$A$1000,$A8,Submissions!$D$2:$D$1000,"Revision requested")>0,"Revision due",IF(COUNTIFS(Submissions!$A$2:$A$1000,$A8,Submissions!$D$2:$D$1000,"Under review")>0,"Under review",IF($K8>0,"Needs resubmission","Not yet submitted")))))) -> Under review | G8: =IF($A8="","",IFERROR(INDEX(Submissions!$B$2:$B$1000,MATCH(_xlfn.MAXIFS(Submissions!$L$2:$L$1000,Submissions!$A$2:$A$1000,$A8),Submissions!$L$2:$L$1000,0)),"")) -> Journal of Management Studies | H8: =IF($A8="","",IF(_xlfn.MAXIFS(Submissions!$F$2:$F$1000,Submissions!$A$2:$A$1000,$A8)=0,"",_xlfn.MAXIFS(Submissions!$F$2:$F$1000,Submissions!$A$2:$A$1000,$A8))) -> 46301 | I8: =IF($F8="Needs resubmission",IF($H8="","",TODAY()-$H8),"") | J8: =IF($A8="","",IF(_xlfn.MINIFS(Submissions!$M$2:$M$1000,Submissions!$A$2:$A$1000,$A8)=0,"",INDEX(Submissions!$B$2:$B$1000,_xlfn.MINIFS(Submissions!$M$2:$M$1000,Submissions!$A$2:$A$1000,$A8)-1))) -> Human Relations | K8: =IF($A8="","",SUMIFS(Submissions!$J$2:$J$1000,Submissions!$A$2:$A$1000,$A8)) -> 2 | L8: =IF($A8="","",COUNTIFS(Submissions!$A$2:$A$1000,$A8,Submissions!$D$2:$D$1000,"Rejected")+COUNTIFS(Submissions!$A$2:$A$1000,$A8,Submissions!$D$2:$D$1000,"Returned by office")) -> 1 | N8: =IF(IF($F8="Revision due",3000,IF($F8="Needs resubmission",2000,IF($F8="Not yet submitted",1000,"")))="","",IF($F8="Revision due",3000,IF($F8="Needs resubmission",2000,IF($F8="Not yet submitted",1000,"")))+IF($I8="",0,MIN($I8,999))+(1000-ROW())/100000) | O8: =IF($N8="","",RANK($N8,$N$2:$N$81))
A9: From Devta to Musafir (EPW) | B9: From Devta to Musafir | D9: EPW / short piece | E9: Closed – rejected | F9: =IF($A9="","",IF($E9<>"",$E9,IF(COUNTIFS(Submissions!$A$2:$A$1000,$A9,Submissions!$D$2:$D$1000,"Accepted")>0,"Accepted",IF(COUNTIFS(Submissions!$A$2:$A$1000,$A9,Submissions!$D$2:$D$1000,"Revision requested")>0,"Revision due",IF(COUNTIFS(Submissions!$A$2:$A$1000,$A9,Submissions!$D$2:$D$1000,"Under review")>0,"Under review",IF($K9>0,"Needs resubmission","Not yet submitted")))))) -> Closed – rejected | G9: =IF($A9="","",IFERROR(INDEX(Submissions!$B$2:$B$1000,MATCH(_xlfn.MAXIFS(Submissions!$L$2:$L$1000,Submissions!$A$2:$A$1000,$A9),Submissions!$L$2:$L$1000,0)),"")) -> EPW: Postscript | H9: =IF($A9="","",IF(_xlfn.MAXIFS(Submissions!$F$2:$F$1000,Submissions!$A$2:$A$1000,$A9)=0,"",_xlfn.MAXIFS(Submissions!$F$2:$F$1000,Submissions!$A$2:$A$1000,$A9))) -> 46298 | I9: =IF($F9="Needs resubmission",IF($H9="","",TODAY()-$H9),"") | J9: =IF($A9="","",IF(_xlfn.MINIFS(Submissions!$M$2:$M$1000,Submissions!$A$2:$A$1000,$A9)=0,"",INDEX(Submissions!$B$2:$B$1000,_xlfn.MINIFS(Submissions!$M$2:$M$1000,Submissions!$A$2:$A$1000,$A9)-1))) | K9: =IF($A9="","",SUMIFS(Submissions!$J$2:$J$1000,Submissions!$A$2:$A$1000,$A9)) -> 1 | L9: =IF($A9="","",COUNTIFS(Submissions!$A$2:$A$1000,$A9,Submissions!$D$2:$D$1000,"Rejected")+COUNTIFS(Submissions!$A$2:$A$1000,$A9,Submissions!$D$2:$D$1000,"Returned by office")) -> 1 | N9: =IF(IF($F9="Revision due",3000,IF($F9="Needs resubmission",2000,IF($F9="Not yet submitted",1000,"")))="","",IF($F9="Revision due",3000,IF($F9="Needs resubmission",2000,IF($F9="Not yet submitted",1000,"")))+IF($I9="",0,MIN($I9,999))+(1000-ROW())/100000) | O9: =IF($N9="","",RANK($N9,$N$2:$N$81))
A10: Algorithmic silence & org. power | B10: Algorithmic silence and organizational power: digital erasure and the politics of absence | C10: Kaushal, S., Guha, A. | D10: Journal article | F10: =IF($A10="","",IF($E10<>"",$E10,IF(COUNTIFS(Submissions!$A$2:$A$1000,$A10,Submissions!$D$2:$D$1000,"Accepted")>0,"Accepted",IF(COUNTIFS(Submissions!$A$2:$A$1000,$A10,Submissions!$D$2:$D$1000,"Revision requested")>0,"Revision due",IF(COUNTIFS(Submissions!$A$2:$A$1000,$A10,Submissions!$D$2:$D$1000,"Under review")>0,"Under review",IF($K10>0,"Needs resubmission","Not yet submitted")))))) -> Under review | G10: =IF($A10="","",IFERROR(INDEX(Submissions!$B$2:$B$1000,MATCH(_xlfn.MAXIFS(Submissions!$L$2:$L$1000,Submissions!$A$2:$A$1000,$A10),Submissions!$L$2:$L$1000,0)),"")) -> Organization Theory | H10: =IF($A10="","",IF(_xlfn.MAXIFS(Submissions!$F$2:$F$1000,Submissions!$A$2:$A$1000,$A10)=0,"",_xlfn.MAXIFS(Submissions!$F$2:$F$1000,Submissions!$A$2:$A$1000,$A10))) -> 46132 | I10: =IF($F10="Needs resubmission",IF($H10="","",TODAY()-$H10),"") | J10: =IF($A10="","",IF(_xlfn.MINIFS(Submissions!$M$2:$M$1000,Submissions!$A$2:$A$1000,$A10)=0,"",INDEX(Submissions!$B$2:$B$1000,_xlfn.MINIFS(Submissions!$M$2:$M$1000,Submissions!$A$2:$A$1000,$A10)-1))) -> Media, Culture & Society | K10: =IF($A10="","",SUMIFS(Submissions!$J$2:$J$1000,Submissions!$A$2:$A$1000,$A10)) -> 8 | L10: =IF($A10="","",COUNTIFS(Submissions!$A$2:$A$1000,$A10,Submissions!$D$2:$D$1000,"Rejected")+COUNTIFS(Submissions!$A$2:$A$1000,$A10,Submissions!$D$2:$D$1000,"Returned by office")) -> 7 | M10: Earlier title: The algorithmic vernacular: how AI co-authors organizational language (assumed same paper; split it if not). | N10: =IF(IF($F10="Revision due",3000,IF($F10="Needs resubmission",2000,IF($F10="Not yet submitted",1000,"")))="","",IF($F10="Revision due",3000,IF($F10="Needs resubmission",2000,IF($F10="Not yet submitted",1000,"")))+IF($I10="",0,MIN($I10,999))+(1000-ROW())/100000) | O10: =IF($N10="","",RANK($N10,$N$2:$N$81))
A11: Intentional tacit knowledge hiding (Malawi) | B11: Intentional Tacit Knowledge Hiding in Public Service: Evidence from Former Principal Secretaries in Malawi | C11: Nyoni, A.M., Kaushal, S., Kovid, R.K., Guha, A. | D11: Journal article | F11: =IF($A11="","",IF($E11<>"",$E11,IF(COUNTIFS(Submissions!$A$2:$A$1000,$A11,Submissions!$D$2:$D$1000,"Accepted")>0,"Accepted",IF(COUNTIFS(Submissions!$A$2:$A$1000,$A11,Submissions!$D$2:$D$1000,"Revision requested")>0,"Revision due",IF(COUNTIFS(Submissions!$A$2:$A$1000,$A11,Submissions!$D$2:$D$1000,"Under review")>0,"Under review",IF($K11>0,"Needs resubmission","Not yet submitted")))))) -> Under review | G11: =IF($A11="","",IFERROR(INDEX(Submissions!$B$2:$B$1000,MATCH(_xlfn.MAXIFS(Submissions!$L$2:$L$1000,Submissions!$A$2:$A$1000,$A11),Submissions!$L$2:$L$1000,0)),"")) -> Global Knowledge, Memory and Communication | H11: =IF($A11="","",IF(_xlfn.MAXIFS(Submissions!$F$2:$F$1000,Submissions!$A$2:$A$1000,$A11)=0,"",_xlfn.MAXIFS(Submissions!$F$2:$F$1000,Submissions!$A$2:$A$1000,$A11))) -> 46229 | I11: =IF($F11="Needs resubmission",IF($H11="","",TODAY()-$H11),"") | J11: =IF($A11="","",IF(_xlfn.MINIFS(Submissions!$M$2:$M$1000,Submissions!$A$2:$A$1000,$A11)=0,"",INDEX(Submissions!$B$2:$B$1000,_xlfn.MINIFS(Submissions!$M$2:$M$1000,Submissions!$A$2:$A$1000,$A11)-1))) -> Group & Organization Management | K11: =IF($A11="","",SUMIFS(Submissions!$J$2:$J$1000,Submissions!$A$2:$A$1000,$A11)) -> 11 | L11: =IF($A11="","",COUNTIFS(Submissions!$A$2:$A$1000,$A11,Submissions!$D$2:$D$1000,"Rejected")+COUNTIFS(Submissions!$A$2:$A$1000,$A11,Submissions!$D$2:$D$1000,"Returned by office")) -> 10 | M11: Other titles used: …in Public Sector Leadership: Risks for Governance and Succession | …and its Implications: Evidence from Public Sector Leadership | N11: =IF(IF($F11="Revision due",3000,IF($F11="Needs resubmission",2000,IF($F11="Not yet submitted",1000,"")))="","",IF($F11="Revision due",3000,IF($F11="Needs resubmission",2000,IF($F11="Not yet submitted",1000,"")))+IF($I11="",0,MIN($I11,999))+(1000-ROW())/100000) | O11: =IF($N11="","",RANK($N11,$N$2:$N$81))
A12: From Medium to Interlocutor (GenAI) | B12: From Medium to Interlocutor: Reconfiguring Communication, Agency, and Power in the Age of Generative AI | C12: Guha, A., Kaushal, S. | D12: Journal article | F12: =IF($A12="","",IF($E12<>"",$E12,IF(COUNTIFS(Submissions!$A$2:$A$1000,$A12,Submissions!$D$2:$D$1000,"Accepted")>0,"Accepted",IF(COUNTIFS(Submissions!$A$2:$A$1000,$A12,Submissions!$D$2:$D$1000,"Revision requested")>0,"Revision due",IF(COUNTIFS(Submissions!$A$2:$A$1000,$A12,Submissions!$D$2:$D$1000,"Under review")>0,"Under review",IF($K12>0,"Needs resubmission","Not yet submitted")))))) -> Needs resubmission | G12: =IF($A12="","",IFERROR(INDEX(Submissions!$B$2:$B$1000,MATCH(_xlfn.MAXIFS(Submissions!$L$2:$L$1000,Submissions!$A$2:$A$1000,$A12),Submissions!$L$2:$L$1000,0)),"")) -> Information, Communication & Society | H12: =IF($A12="","",IF(_xlfn.MAXIFS(Submissions!$F$2:$F$1000,Submissions!$A$2:$A$1000,$A12)=0,"",_xlfn.MAXIFS(Submissions!$F$2:$F$1000,Submissions!$A$2:$A$1000,$A12))) -> 46305 | I12: =IF($F12="Needs resubmission",IF($H12="","",TODAY()-$H12),"") -> 1 | J12: =IF($A12="","",IF(_xlfn.MINIFS(Submissions!$M$2:$M$1000,Submissions!$A$2:$A$1000,$A12)=0,"",INDEX(Submissions!$B$2:$B$1000,_xlfn.MINIFS(Submissions!$M$2:$M$1000,Submissions!$A$2:$A$1000,$A12)-1))) -> Journal of Computer-Mediated Communication | K12: =IF($A12="","",SUMIFS(Submissions!$J$2:$J$1000,Submissions!$A$2:$A$1000,$A12)) -> 5 | L12: =IF($A12="","",COUNTIFS(Submissions!$A$2:$A$1000,$A12,Submissions!$D$2:$D$1000,"Rejected")+COUNTIFS(Submissions!$A$2:$A$1000,$A12,Submissions!$D$2:$D$1000,"Returned by office")) -> 5 | M12: Earlier title: The Algorithmic Interlocutor: Reconceptualizing AI as a Communicative Actor in Human Interaction | N12: =IF(IF($F12="Revision due",3000,IF($F12="Needs resubmission",2000,IF($F12="Not yet submitted",1000,"")))="","",IF($F12="Revision due",3000,IF($F12="Needs resubmission",2000,IF($F12="Not yet submitted",1000,"")))+IF($I12="",0,MIN($I12,999))+(1000-ROW())/100000) -> 2001.0099 | O12: =IF($N12="","",RANK($N12,$N$2:$N$81)) -> 3
A13: Right to the Secret (Blanchot–Heidegger) | B13: Right to the Secret (Blanchot, Heidegger) | D13: Journal article | F13: =IF($A13="","",IF($E13<>"",$E13,IF(COUNTIFS(Submissions!$A$2:$A$1000,$A13,Submissions!$D$2:$D$1000,"Accepted")>0,"Accepted",IF(COUNTIFS(Submissions!$A$2:$A$1000,$A13,Submissions!$D$2:$D$1000,"Revision requested")>0,"Revision due",IF(COUNTIFS(Submissions!$A$2:$A$1000,$A13,Submissions!$D$2:$D$1000,"Under review")>0,"Under review",IF($K13>0,"Needs resubmission","Not yet submitted")))))) -> Not yet submitted | G13: =IF($A13="","",IFERROR(INDEX(Submissions!$B$2:$B$1000,MATCH(_xlfn.MAXIFS(Submissions!$L$2:$L$1000,Submissions!$A$2:$A$1000,$A13),Submissions!$L$2:$L$1000,0)),"")) | H13: =IF($A13="","",IF(_xlfn.MAXIFS(Submissions!$F$2:$F$1000,Submissions!$A$2:$A$1000,$A13)=0,"",_xlfn.MAXIFS(Submissions!$F$2:$F$1000,Submissions!$A$2:$A$1000,$A13))) | I13: =IF($F13="Needs resubmission",IF($H13="","",TODAY()-$H13),"") | J13: =IF($A13="","",IF(_xlfn.MINIFS(Submissions!$M$2:$M$1000,Submissions!$A$2:$A$1000,$A13)=0,"",INDEX(Submissions!$B$2:$B$1000,_xlfn.MINIFS(Submissions!$M$2:$M$1000,Submissions!$A$2:$A$1000,$A13)-1))) -> Philosophy of Management | K13: =IF($A13="","",SUMIFS(Submissions!$J$2:$J$1000,Submissions!$A$2:$A$1000,$A13)) -> 0 | L13: =IF($A13="","",COUNTIFS(Submissions!$A$2:$A$1000,$A13,Submissions!$D$2:$D$1000,"Rejected")+COUNTIFS(Submissions!$A$2:$A$1000,$A13,Submissions!$D$2:$D$1000,"Returned by office")) -> 0 | N13: =IF(IF($F13="Revision due",3000,IF($F13="Needs resubmission",2000,IF($F13="Not yet submitted",1000,"")))="","",IF($F13="Revision due",3000,IF($F13="Needs resubmission",2000,IF($F13="Not yet submitted",1000,"")))+IF($I13="",0,MIN($I13,999))+(1000-ROW())/100000) -> 1000.0099 | O13: =IF($N13="","",RANK($N13,$N$2:$N$81)) -> 5
A14: Organizational Silence (lit review) | B14: Organizational Silence (literature review) | D14: Journal article | F14: =IF($A14="","",IF($E14<>"",$E14,IF(COUNTIFS(Submissions!$A$2:$A$1000,$A14,Submissions!$D$2:$D$1000,"Accepted")>0,"Accepted",IF(COUNTIFS(Submissions!$A$2:$A$1000,$A14,Submissions!$D$2:$D$1000,"Revision requested")>0,"Revision due",IF(COUNTIFS(Submissions!$A$2:$A$1000,$A14,Submissions!$D$2:$D$1000,"Under review")>0,"Under review",IF($K14>0,"Needs resubmission","Not yet submitted")))))) -> Not yet submitted | G14: =IF($A14="","",IFERROR(INDEX(Submissions!$B$2:$B$1000,MATCH(_xlfn.MAXIFS(Submissions!$L$2:$L$1000,Submissions!$A$2:$A$1000,$A14),Submissions!$L$2:$L$1000,0)),"")) | H14: =IF($A14="","",IF(_xlfn.MAXIFS(Submissions!$F$2:$F$1000,Submissions!$A$2:$A$1000,$A14)=0,"",_xlfn.MAXIFS(Submissions!$F$2:$F$1000,Submissions!$A$2:$A$1000,$A14))) | I14: =IF($F14="Needs resubmission",IF($H14="","",TODAY()-$H14),"") | J14: =IF($A14="","",IF(_xlfn.MINIFS(Submissions!$M$2:$M$1000,Submissions!$A$2:$A$1000,$A14)=0,"",INDEX(Submissions!$B$2:$B$1000,_xlfn.MINIFS(Submissions!$M$2:$M$1000,Submissions!$A$2:$A$1000,$A14)-1))) -> Journal of Information, Communication and Ethics in Society | K14: =IF($A14="","",SUMIFS(Submissions!$J$2:$J$1000,Submissions!$A$2:$A$1000,$A14)) -> 0 | L14: =IF($A14="","",COUNTIFS(Submissions!$A$2:$A$1000,$A14,Submissions!$D$2:$D$1000,"Rejected")+COUNTIFS(Submissions!$A$2:$A$1000,$A14,Submissions!$D$2:$D$1000,"Returned by office")) -> 0 | M14: Old sheet numbered this list 1–4 and 7–10 (5 and 6 were missing). | N14: =IF(IF($F14="Revision due",3000,IF($F14="Needs resubmission",2000,IF($F14="Not yet submitted",1000,"")))="","",IF($F14="Revision due",3000,IF($F14="Needs resubmission",2000,IF($F14="Not yet submitted",1000,"")))+IF($I14="",0,MIN($I14,999))+(1000-ROW())/100000) -> 1000.0099 | O14: =IF($N14="","",RANK($N14,$N$2:$N$81)) -> 6
A15: Farmers’ protest & radical passivity | B15: Toward a Constructive Protest Communication Framework: Radical Passivity and Ethical Address in the 2020–2021 Indian Farmers’ Protest | C15: Kaushal, S., Guha, A. | D15: Journal article | F15: =IF($A15="","",IF($E15<>"",$E15,IF(COUNTIFS(Submissions!$A$2:$A$1000,$A15,Submissions!$D$2:$D$1000,"Accepted")>0,"Accepted",IF(COUNTIFS(Submissions!$A$2:$A$1000,$A15,Submissions!$D$2:$D$1000,"Revision requested")>0,"Revision due",IF(COUNTIFS(Submissions!$A$2:$A$1000,$A15,Submissions!$D$2:$D$1000,"Under review")>0,"Under review",IF($K15>0,"Needs resubmission","Not yet submitted")))))) -> Under review | G15: =IF($A15="","",IFERROR(INDEX(Submissions!$B$2:$B$1000,MATCH(_xlfn.MAXIFS(Submissions!$L$2:$L$1000,Submissions!$A$2:$A$1000,$A15),Submissions!$L$2:$L$1000,0)),"")) -> Critical Discourse Studies | H15: =IF($A15="","",IF(_xlfn.MAXIFS(Submissions!$F$2:$F$1000,Submissions!$A$2:$A$1000,$A15)=0,"",_xlfn.MAXIFS(Submissions!$F$2:$F$1000,Submissions!$A$2:$A$1000,$A15))) -> 46281 | I15: =IF($F15="Needs resubmission",IF($H15="","",TODAY()-$H15),"") | J15: =IF($A15="","",IF(_xlfn.MINIFS(Submissions!$M$2:$M$1000,Submissions!$A$2:$A$1000,$A15)=0,"",INDEX(Submissions!$B$2:$B$1000,_xlfn.MINIFS(Submissions!$M$2:$M$1000,Submissions!$A$2:$A$1000,$A15)-1))) -> Communication Theory | K15: =IF($A15="","",SUMIFS(Submissions!$J$2:$J$1000,Submissions!$A$2:$A$1000,$A15)) -> 16 | L15: =IF($A15="","",COUNTIFS(Submissions!$A$2:$A$1000,$A15,Submissions!$D$2:$D$1000,"Rejected")+COUNTIFS(Submissions!$A$2:$A$1000,$A15,Submissions!$D$2:$D$1000,"Returned by office")) -> 14 | M15: Earlier titles: Farmers’ Protest and the Language of Radical Passivity and Ethics – A Constructive Protest Communication Framework | …An Analytic Framework for Ethical Protest Communication. Word limits: Discourse Studies 8k, Social Movement Studies 8k, Ethics 12k. | N15: =IF(IF($F15="Revision due",3000,IF($F15="Needs resubmission",2000,IF($F15="Not yet submitted",1000,"")))="","",IF($F15="Revision due",3000,IF($F15="Needs resubmission",2000,IF($F15="Not yet submitted",1000,"")))+IF($I15="",0,MIN($I15,999))+(1000-ROW())/100000) | O15: =IF($N15="","",RANK($N15,$N$2:$N$81))
A16: Trust by Design (India engagement) | B16: Trust by Design: Fixing India’s Engagement Crisis | C16: Kaushal, S., Guha, A. | D16: Journal article | F16: =IF($A16="","",IF($E16<>"",$E16,IF(COUNTIFS(Submissions!$A$2:$A$1000,$A16,Submissions!$D$2:$D$1000,"Accepted")>0,"Accepted",IF(COUNTIFS(Submissions!$A$2:$A$1000,$A16,Submissions!$D$2:$D$1000,"Revision requested")>0,"Revision due",IF(COUNTIFS(Submissions!$A$2:$A$1000,$A16,Submissions!$D$2:$D$1000,"Under review")>0,"Under review",IF($K16>0,"Needs resubmission","Not yet submitted")))))) -> Needs resubmission | G16: =IF($A16="","",IFERROR(INDEX(Submissions!$B$2:$B$1000,MATCH(_xlfn.MAXIFS(Submissions!$L$2:$L$1000,Submissions!$A$2:$A$1000,$A16),Submissions!$L$2:$L$1000,0)),"")) -> Industrial and Commercial Training | H16: =IF($A16="","",IF(_xlfn.MAXIFS(Submissions!$F$2:$F$1000,Submissions!$A$2:$A$1000,$A16)=0,"",_xlfn.MAXIFS(Submissions!$F$2:$F$1000,Submissions!$A$2:$A$1000,$A16))) -> 45867 | I16: =IF($F16="Needs resubmission",IF($H16="","",TODAY()-$H16),"") -> 439 | J16: =IF($A16="","",IF(_xlfn.MINIFS(Submissions!$M$2:$M$1000,Submissions!$A$2:$A$1000,$A16)=0,"",INDEX(Submissions!$B$2:$B$1000,_xlfn.MINIFS(Submissions!$M$2:$M$1000,Submissions!$A$2:$A$1000,$A16)-1))) -> Strategic HR Review | K16: =IF($A16="","",SUMIFS(Submissions!$J$2:$J$1000,Submissions!$A$2:$A$1000,$A16)) -> 3 | L16: =IF($A16="","",COUNTIFS(Submissions!$A$2:$A$1000,$A16,Submissions!$D$2:$D$1000,"Rejected")+COUNTIFS(Submissions!$A$2:$A$1000,$A16,Submissions!$D$2:$D$1000,"Returned by office")) -> 3 | N16: =IF(IF($F16="Revision due",3000,IF($F16="Needs resubmission",2000,IF($F16="Not yet submitted",1000,"")))="","",IF($F16="Revision due",3000,IF($F16="Needs resubmission",2000,IF($F16="Not yet submitted",1000,"")))+IF($I16="",0,MIN($I16,999))+(1000-ROW())/100000) -> 2439.0098 | O16: =IF($N16="","",RANK($N16,$N$2:$N$81)) -> 1
A17: Is Leadership Inherently Violent? | B17: Is Leadership Inherently Violent? Sovereignty, Precarity, and the Ethics of Organizational Authority | C17: Kaushal, S., Guha, A. | D17: Journal article | F17: =IF($A17="","",IF($E17<>"",$E17,IF(COUNTIFS(Submissions!$A$2:$A$1000,$A17,Submissions!$D$2:$D$1000,"Accepted")>0,"Accepted",IF(COUNTIFS(Submissions!$A$2:$A$1000,$A17,Submissions!$D$2:$D$1000,"Revision requested")>0,"Revision due",IF(COUNTIFS(Submissions!$A$2:$A$1000,$A17,Submissions!$D$2:$D$1000,"Under review")>0,"Under review",IF($K17>0,"Needs resubmission","Not yet submitted")))))) -> Under review | G17: =IF($A17="","",IFERROR(INDEX(Submissions!$B$2:$B$1000,MATCH(_xlfn.MAXIFS(Submissions!$L$2:$L$1000,Submissions!$A$2:$A$1000,$A17),Submissions!$L$2:$L$1000,0)),"")) -> Journal of Business Ethics | H17: =IF($A17="","",IF(_xlfn.MAXIFS(Submissions!$F$2:$F$1000,Submissions!$A$2:$A$1000,$A17)=0,"",_xlfn.MAXIFS(Submissions!$F$2:$F$1000,Submissions!$A$2:$A$1000,$A17))) | I17: =IF($F17="Needs resubmission",IF($H17="","",TODAY()-$H17),"") | J17: =IF($A17="","",IF(_xlfn.MINIFS(Submissions!$M$2:$M$1000,Submissions!$A$2:$A$1000,$A17)=0,"",INDEX(Submissions!$B$2:$B$1000,_xlfn.MINIFS(Submissions!$M$2:$M$1000,Submissions!$A$2:$A$1000,$A17)-1))) -> Journal of Leadership and Organizational Studies | K17: =IF($A17="","",SUMIFS(Submissions!$J$2:$J$1000,Submissions!$A$2:$A$1000,$A17)) -> 1 | L17: =IF($A17="","",COUNTIFS(Submissions!$A$2:$A$1000,$A17,Submissions!$D$2:$D$1000,"Rejected")+COUNTIFS(Submissions!$A$2:$A$1000,$A17,Submissions!$D$2:$D$1000,"Returned by office")) -> 0 | N17: =IF(IF($F17="Revision due",3000,IF($F17="Needs resubmission",2000,IF($F17="Not yet submitted",1000,"")))="","",IF($F17="Revision due",3000,IF($F17="Needs resubmission",2000,IF($F17="Not yet submitted",1000,"")))+IF($I17="",0,MIN($I17,999))+(1000-ROW())/100000) | O17: =IF($N17="","",RANK($N17,$N$2:$N$81))
A18: Cosmoceuticals | B18: Cosmoceuticals | D18: Journal article | F18: =IF($A18="","",IF($E18<>"",$E18,IF(COUNTIFS(Submissions!$A$2:$A$1000,$A18,Submissions!$D$2:$D$1000,"Accepted")>0,"Accepted",IF(COUNTIFS(Submissions!$A$2:$A$1000,$A18,Submissions!$D$2:$D$1000,"Revision requested")>0,"Revision due",IF(COUNTIFS(Submissions!$A$2:$A$1000,$A18,Submissions!$D$2:$D$1000,"Under review")>0,"Under review",IF($K18>0,"Needs resubmission","Not yet submitted")))))) -> Under review | G18: =IF($A18="","",IFERROR(INDEX(Submissions!$B$2:$B$1000,MATCH(_xlfn.MAXIFS(Submissions!$L$2:$L$1000,Submissions!$A$2:$A$1000,$A18),Submissions!$L$2:$L$1000,0)),"")) -> IEEE Transactions on Engineering Management | H18: =IF($A18="","",IF(_xlfn.MAXIFS(Submissions!$F$2:$F$1000,Submissions!$A$2:$A$1000,$A18)=0,"",_xlfn.MAXIFS(Submissions!$F$2:$F$1000,Submissions!$A$2:$A$1000,$A18))) -> 46199 | I18: =IF($F18="Needs resubmission",IF($H18="","",TODAY()-$H18),"") | J18: =IF($A18="","",IF(_xlfn.MINIFS(Submissions!$M$2:$M$1000,Submissions!$A$2:$A$1000,$A18)=0,"",INDEX(Submissions!$B$2:$B$1000,_xlfn.MINIFS(Submissions!$M$2:$M$1000,Submissions!$A$2:$A$1000,$A18)-1))) -> journals.sagepub.com/home/con | K18: =IF($A18="","",SUMIFS(Submissions!$J$2:$J$1000,Submissions!$A$2:$A$1000,$A18)) -> 3 | L18: =IF($A18="","",COUNTIFS(Submissions!$A$2:$A$1000,$A18,Submissions!$D$2:$D$1000,"Rejected")+COUNTIFS(Submissions!$A$2:$A$1000,$A18,Submissions!$D$2:$D$1000,"Returned by office")) -> 2 | M18: Links in the old sheet are kept as journal names where the journal wasn’t written out. | N18: =IF(IF($F18="Revision due",3000,IF($F18="Needs resubmission",2000,IF($F18="Not yet submitted",1000,"")))="","",IF($F18="Revision due",3000,IF($F18="Needs resubmission",2000,IF($F18="Not yet submitted",1000,"")))+IF($I18="",0,MIN($I18,999))+(1000-ROW())/100000) | O18: =IF($N18="","",RANK($N18,$N$2:$N$81))
A19: Enhanced Athletes (EPW Letter) | B19: Communication Challenges in the Era of Enhanced Athletes | D19: EPW / short piece | E19: Closed – rejected | F19: =IF($A19="","",IF($E19<>"",$E19,IF(COUNTIFS(Submissions!$A$2:$A$1000,$A19,Submissions!$D$2:$D$1000,"Accepted")>0,"Accepted",IF(COUNTIFS(Submissions!$A$2:$A$1000,$A19,Submissions!$D$2:$D$1000,"Revision requested")>0,"Revision due",IF(COUNTIFS(Submissions!$A$2:$A$1000,$A19,Submissions!$D$2:$D$1000,"Under review")>0,"Under review",IF($K19>0,"Needs resubmission","Not yet submitted")))))) -> Closed – rejected | G19: =IF($A19="","",IFERROR(INDEX(Submissions!$B$2:$B$1000,MATCH(_xlfn.MAXIFS(Submissions!$L$2:$L$1000,Submissions!$A$2:$A$1000,$A19),Submissions!$L$2:$L$1000,0)),"")) -> EPW: Letter | H19: =IF($A19="","",IF(_xlfn.MAXIFS(Submissions!$F$2:$F$1000,Submissions!$A$2:$A$1000,$A19)=0,"",_xlfn.MAXIFS(Submissions!$F$2:$F$1000,Submissions!$A$2:$A$1000,$A19))) -> 45868 | I19: =IF($F19="Needs resubmission",IF($H19="","",TODAY()-$H19),"") | J19: =IF($A19="","",IF(_xlfn.MINIFS(Submissions!$M$2:$M$1000,Submissions!$A$2:$A$1000,$A19)=0,"",INDEX(Submissions!$B$2:$B$1000,_xlfn.MINIFS(Submissions!$M$2:$M$1000,Submissions!$A$2:$A$1000,$A19)-1))) | K19: =IF($A19="","",SUMIFS(Submissions!$J$2:$J$1000,Submissions!$A$2:$A$1000,$A19)) -> 1 | L19: =IF($A19="","",COUNTIFS(Submissions!$A$2:$A$1000,$A19,Submissions!$D$2:$D$1000,"Rejected")+COUNTIFS(Submissions!$A$2:$A$1000,$A19,Submissions!$D$2:$D$1000,"Returned by office")) -> 1 | N19: =IF(IF($F19="Revision due",3000,IF($F19="Needs resubmission",2000,IF($F19="Not yet submitted",1000,"")))="","",IF($F19="Revision due",3000,IF($F19="Needs resubmission",2000,IF($F19="Not yet submitted",1000,"")))+IF($I19="",0,MIN($I19,999))+(1000-ROW())/100000) | O19: =IF($N19="","",RANK($N19,$N$2:$N$81))
A20: Faith and the Other (EPW) | B20: Faith and the Other: Ethical Reflections on Ceremonial Communication | D20: EPW / short piece | E20: Closed – rejected | F20: =IF($A20="","",IF($E20<>"",$E20,IF(COUNTIFS(Submissions!$A$2:$A$1000,$A20,Submissions!$D$2:$D$1000,"Accepted")>0,"Accepted",IF(COUNTIFS(Submissions!$A$2:$A$1000,$A20,Submissions!$D$2:$D$1000,"Revision requested")>0,"Revision due",IF(COUNTIFS(Submissions!$A$2:$A$1000,$A20,Submissions!$D$2:$D$1000,"Under review")>0,"Under review",IF($K20>0,"Needs resubmission","Not yet submitted")))))) -> Closed – rejected | G20: =IF($A20="","",IFERROR(INDEX(Submissions!$B$2:$B$1000,MATCH(_xlfn.MAXIFS(Submissions!$L$2:$L$1000,Submissions!$A$2:$A$1000,$A20),Submissions!$L$2:$L$1000,0)),"")) -> EPW: Postscript | H20: =IF($A20="","",IF(_xlfn.MAXIFS(Submissions!$F$2:$F$1000,Submissions!$A$2:$A$1000,$A20)=0,"",_xlfn.MAXIFS(Submissions!$F$2:$F$1000,Submissions!$A$2:$A$1000,$A20))) -> 45699 | I20: =IF($F20="Needs resubmission",IF($H20="","",TODAY()-$H20),"") | J20: =IF($A20="","",IF(_xlfn.MINIFS(Submissions!$M$2:$M$1000,Submissions!$A$2:$A$1000,$A20)=0,"",INDEX(Submissions!$B$2:$B$1000,_xlfn.MINIFS(Submissions!$M$2:$M$1000,Submissions!$A$2:$A$1000,$A20)-1))) | K20: =IF($A20="","",SUMIFS(Submissions!$J$2:$J$1000,Submissions!$A$2:$A$1000,$A20)) -> 1 | L20: =IF($A20="","",COUNTIFS(Submissions!$A$2:$A$1000,$A20,Submissions!$D$2:$D$1000,"Rejected")+COUNTIFS(Submissions!$A$2:$A$1000,$A20,Submissions!$D$2:$D$1000,"Returned by office")) -> 1 | N20: =IF(IF($F20="Revision due",3000,IF($F20="Needs resubmission",2000,IF($F20="Not yet submitted",1000,"")))="","",IF($F20="Revision due",3000,IF($F20="Needs resubmission",2000,IF($F20="Not yet submitted",1000,"")))+IF($I20="",0,MIN($I20,999))+(1000-ROW())/100000) | O20: =IF($N20="","",RANK($N20,$N$2:$N$81))
A21: Coffee with the Machine (EPW) | B21: Coffee with the Machine: Sipping Meaning from Digital Tributaries | D21: EPW / short piece | E21: Closed – rejected | F21: =IF($A21="","",IF($E21<>"",$E21,IF(COUNTIFS(Submissions!$A$2:$A$1000,$A21,Submissions!$D$2:$D$1000,"Accepted")>0,"Accepted",IF(COUNTIFS(Submissions!$A$2:$A$1000,$A21,Submissions!$D$2:$D$1000,"Revision requested")>0,"Revision due",IF(COUNTIFS(Submissions!$A$2:$A$1000,$A21,Submissions!$D$2:$D$1000,"Under review")>0,"Under review",IF($K21>0,"Needs resubmission","Not yet submitted")))))) -> Closed – rejected | G21: =IF($A21="","",IFERROR(INDEX(Submissions!$B$2:$B$1000,MATCH(_xlfn.MAXIFS(Submissions!$L$2:$L$1000,Submissions!$A$2:$A$1000,$A21),Submissions!$L$2:$L$1000,0)),"")) -> EPW: Postscript | H21: =IF($A21="","",IF(_xlfn.MAXIFS(Submissions!$F$2:$F$1000,Submissions!$A$2:$A$1000,$A21)=0,"",_xlfn.MAXIFS(Submissions!$F$2:$F$1000,Submissions!$A$2:$A$1000,$A21))) -> 45965 | I21: =IF($F21="Needs resubmission",IF($H21="","",TODAY()-$H21),"") | J21: =IF($A21="","",IF(_xlfn.MINIFS(Submissions!$M$2:$M$1000,Submissions!$A$2:$A$1000,$A21)=0,"",INDEX(Submissions!$B$2:$B$1000,_xlfn.MINIFS(Submissions!$M$2:$M$1000,Submissions!$A$2:$A$1000,$A21)-1))) | K21: =IF($A21="","",SUMIFS(Submissions!$J$2:$J$1000,Submissions!$A$2:$A$1000,$A21)) -> 1 | L21: =IF($A21="","",COUNTIFS(Submissions!$A$2:$A$1000,$A21,Submissions!$D$2:$D$1000,"Rejected")+COUNTIFS(Submissions!$A$2:$A$1000,$A21,Submissions!$D$2:$D$1000,"Returned by office")) -> 1 | N21: =IF(IF($F21="Revision due",3000,IF($F21="Needs resubmission",2000,IF($F21="Not yet submitted",1000,"")))="","",IF($F21="Revision due",3000,IF($F21="Needs resubmission",2000,IF($F21="Not yet submitted",1000,"")))+IF($I21="",0,MIN($I21,999))+(1000-ROW())/100000) | O21: =IF($N21="","",RANK($N21,$N$2:$N$81))
A22: India’s Workplace Engagement Crisis (EPW) | B22: India’s Workplace Engagement Crisis | D22: EPW / short piece | E22: Closed – rejected | F22: =IF($A22="","",IF($E22<>"",$E22,IF(COUNTIFS(Submissions!$A$2:$A$1000,$A22,Submissions!$D$2:$D$1000,"Accepted")>0,"Accepted",IF(COUNTIFS(Submissions!$A$2:$A$1000,$A22,Submissions!$D$2:$D$1000,"Revision requested")>0,"Revision due",IF(COUNTIFS(Submissions!$A$2:$A$1000,$A22,Submissions!$D$2:$D$1000,"Under review")>0,"Under review",IF($K22>0,"Needs resubmission","Not yet submitted")))))) -> Closed – rejected | G22: =IF($A22="","",IFERROR(INDEX(Submissions!$B$2:$B$1000,MATCH(_xlfn.MAXIFS(Submissions!$L$2:$L$1000,Submissions!$A$2:$A$1000,$A22),Submissions!$L$2:$L$1000,0)),"")) -> EPW: Commentary | H22: =IF($A22="","",IF(_xlfn.MAXIFS(Submissions!$F$2:$F$1000,Submissions!$A$2:$A$1000,$A22)=0,"",_xlfn.MAXIFS(Submissions!$F$2:$F$1000,Submissions!$A$2:$A$1000,$A22))) -> 45922 | I22: =IF($F22="Needs resubmission",IF($H22="","",TODAY()-$H22),"") | J22: =IF($A22="","",IF(_xlfn.MINIFS(Submissions!$M$2:$M$1000,Submissions!$A$2:$A$1000,$A22)=0,"",INDEX(Submissions!$B$2:$B$1000,_xlfn.MINIFS(Submissions!$M$2:$M$1000,Submissions!$A$2:$A$1000,$A22)-1))) | K22: =IF($A22="","",SUMIFS(Submissions!$J$2:$J$1000,Submissions!$A$2:$A$1000,$A22)) -> 1 | L22: =IF($A22="","",COUNTIFS(Submissions!$A$2:$A$1000,$A22,Submissions!$D$2:$D$1000,"Rejected")+COUNTIFS(Submissions!$A$2:$A$1000,$A22,Submissions!$D$2:$D$1000,"Returned by office")) -> 1 | M22: EPW-only piece; not resubmitted elsewhere | N22: =IF(IF($F22="Revision due",3000,IF($F22="Needs resubmission",2000,IF($F22="Not yet submitted",1000,"")))="","",IF($F22="Revision due",3000,IF($F22="Needs resubmission",2000,IF($F22="Not yet submitted",1000,"")))+IF($I22="",0,MIN($I22,999))+(1000-ROW())/100000) | O22: =IF($N22="","",RANK($N22,$N$2:$N$81))
F23: =IF($A23="","",IF($E23<>"",$E23,IF(COUNTIFS(Submissions!$A$2:$A$1000,$A23,Submissions!$D$2:$D$1000,"Accepted")>0,"Accepted",IF(COUNTIFS(Submissions!$A$2:$A$1000,$A23,Submissions!$D$2:$D$1000,"Revision requested")>0,"Revision due",IF(COUNTIFS(Submissions!$A$2:$A$1000,$A23,Submissions!$D$2:$D$1000,"Under review")>0,"Under review",IF($K23>0,"Needs resubmission","Not yet submitted")))))) | G23: =IF($A23="","",IFERROR(INDEX(Submissions!$B$2:$B$1000,MATCH(_xlfn.MAXIFS(Submissions!$L$2:$L$1000,Submissions!$A$2:$A$1000,$A23),Submissions!$L$2:$L$1000,0)),"")) | H23: =IF($A23="","",IF(_xlfn.MAXIFS(Submissions!$F$2:$F$1000,Submissions!$A$2:$A$1000,$A23)=0,"",_xlfn.MAXIFS(Submissions!$F$2:$F$1000,Submissions!$A$2:$A$1000,$A23))) | I23: =IF($F23="Needs resubmission",IF($H23="","",TODAY()-$H23),"") | J23: =IF($A23="","",IF(_xlfn.MINIFS(Submissions!$M$2:$M$1000,Submissions!$A$2:$A$1000,$A23)=0,"",INDEX(Submissions!$B$2:$B$1000,_xlfn.MINIFS(Submissions!$M$2:$M$1000,Submissions!$A$2:$A$1000,$A23)-1))) | K23: =IF($A23="","",SUMIFS(Submissions!$J$2:$J$1000,Submissions!$A$2:$A$1000,$A23)) | L23: =IF($A23="","",COUNTIFS(Submissions!$A$2:$A$1000,$A23,Submissions!$D$2:$D$1000,"Rejected")+COUNTIFS(Submissions!$A$2:$A$1000,$A23,Submissions!$D$2:$D$1000,"Returned by office")) | N23: =IF(IF($F23="Revision due",3000,IF($F23="Needs resubmission",2000,IF($F23="Not yet submitted",1000,"")))="","",IF($F23="Revision due",3000,IF($F23="Needs resubmission",2000,IF($F23="Not yet submitted",1000,"")))+IF($I23="",0,MIN($I23,999))+(1000-ROW())/100000) | O23: =IF($N23="","",RANK($N23,$N$2:$N$81))
F24: =IF($A24="","",IF($E24<>"",$E24,IF(COUNTIFS(Submissions!$A$2:$A$1000,$A24,Submissions!$D$2:$D$1000,"Accepted")>0,"Accepted",IF(COUNTIFS(Submissions!$A$2:$A$1000,$A24,Submissions!$D$2:$D$1000,"Revision requested")>0,"Revision due",IF(COUNTIFS(Submissions!$A$2:$A$1000,$A24,Submissions!$D$2:$D$1000,"Under review")>0,"Under review",IF($K24>0,"Needs resubmission","Not yet submitted")))))) | G24: =IF($A24="","",IFERROR(INDEX(Submissions!$B$2:$B$1000,MATCH(_xlfn.MAXIFS(Submissions!$L$2:$L$1000,Submissions!$A$2:$A$1000,$A24),Submissions!$L$2:$L$1000,0)),"")) | H24: =IF($A24="","",IF(_xlfn.MAXIFS(Submissions!$F$2:$F$1000,Submissions!$A$2:$A$1000,$A24)=0,"",_xlfn.MAXIFS(Submissions!$F$2:$F$1000,Submissions!$A$2:$A$1000,$A24))) | I24: =IF($F24="Needs resubmission",IF($H24="","",TODAY()-$H24),"") | J24: =IF($A24="","",IF(_xlfn.MINIFS(Submissions!$M$2:$M$1000,Submissions!$A$2:$A$1000,$A24)=0,"",INDEX(Submissions!$B$2:$B$1000,_xlfn.MINIFS(Submissions!$M$2:$M$1000,Submissions!$A$2:$A$1000,$A24)-1))) | K24: =IF($A24="","",SUMIFS(Submissions!$J$2:$J$1000,Submissions!$A$2:$A$1000,$A24)) | L24: =IF($A24="","",COUNTIFS(Submissions!$A$2:$A$1000,$A24,Submissions!$D$2:$D$1000,"Rejected")+COUNTIFS(Submissions!$A$2:$A$1000,$A24,Submissions!$D$2:$D$1000,"Returned by office")) | N24: =IF(IF($F24="Revision due",3000,IF($F24="Needs resubmission",2000,IF($F24="Not yet submitted",1000,"")))="","",IF($F24="Revision due",3000,IF($F24="Needs resubmission",2000,IF($F24="Not yet submitted",1000,"")))+IF($I24="",0,MIN($I24,999))+(1000-ROW())/100000) | O24: =IF($N24="","",RANK($N24,$N$2:$N$81))
F25: =IF($A25="","",IF($E25<>"",$E25,IF(COUNTIFS(Submissions!$A$2:$A$1000,$A25,Submissions!$D$2:$D$1000,"Accepted")>0,"Accepted",IF(COUNTIFS(Submissions!$A$2:$A$1000,$A25,Submissions!$D$2:$D$1000,"Revision requested")>0,"Revision due",IF(COUNTIFS(Submissions!$A$2:$A$1000,$A25,Submissions!$D$2:$D$1000,"Under review")>0,"Under review",IF($K25>0,"Needs resubmission","Not yet submitted")))))) | G25: =IF($A25="","",IFERROR(INDEX(Submissions!$B$2:$B$1000,MATCH(_xlfn.MAXIFS(Submissions!$L$2:$L$1000,Submissions!$A$2:$A$1000,$A25),Submissions!$L$2:$L$1000,0)),"")) | H25: =IF($A25="","",IF(_xlfn.MAXIFS(Submissions!$F$2:$F$1000,Submissions!$A$2:$A$1000,$A25)=0,"",_xlfn.MAXIFS(Submissions!$F$2:$F$1000,Submissions!$A$2:$A$1000,$A25))) | I25: =IF($F25="Needs resubmission",IF($H25="","",TODAY()-$H25),"") | J25: =IF($A25="","",IF(_xlfn.MINIFS(Submissions!$M$2:$M$1000,Submissions!$A$2:$A$1000,$A25)=0,"",INDEX(Submissions!$B$2:$B$1000,_xlfn.MINIFS(Submissions!$M$2:$M$1000,Submissions!$A$2:$A$1000,$A25)-1))) | K25: =IF($A25="","",SUMIFS(Submissions!$J$2:$J$1000,Submissions!$A$2:$A$1000,$A25)) | L25: =IF($A25="","",COUNTIFS(Submissions!$A$2:$A$1000,$A25,Submissions!$D$2:$D$1000,"Rejected")+COUNTIFS(Submissions!$A$2:$A$1000,$A25,Submissions!$D$2:$D$1000,"Returned by office")) | N25: =IF(IF($F25="Revision due",3000,IF($F25="Needs resubmission",2000,IF($F25="Not yet submitted",1000,"")))="","",IF($F25="Revision due",3000,IF($F25="Needs resubmission",2000,IF($F25="Not yet submitted",1000,"")))+IF($I25="",0,MIN($I25,999))+(1000-ROW())/100000) | O25: =IF($N25="","",RANK($N25,$N$2:$N$81))
F26: =IF($A26="","",IF($E26<>"",$E26,IF(COUNTIFS(Submissions!$A$2:$A$1000,$A26,Submissions!$D$2:$D$1000,"Accepted")>0,"Accepted",IF(COUNTIFS(Submissions!$A$2:$A$1000,$A26,Submissions!$D$2:$D$1000,"Revision requested")>0,"Revision due",IF(COUNTIFS(Submissions!$A$2:$A$1000,$A26,Submissions!$D$2:$D$1000,"Under review")>0,"Under review",IF($K26>0,"Needs resubmission","Not yet submitted")))))) | G26: =IF($A26="","",IFERROR(INDEX(Submissions!$B$2:$B$1000,MATCH(_xlfn.MAXIFS(Submissions!$L$2:$L$1000,Submissions!$A$2:$A$1000,$A26),Submissions!$L$2:$L$1000,0)),"")) | H26: =IF($A26="","",IF(_xlfn.MAXIFS(Submissions!$F$2:$F$1000,Submissions!$A$2:$A$1000,$A26)=0,"",_xlfn.MAXIFS(Submissions!$F$2:$F$1000,Submissions!$A$2:$A$1000,$A26))) | I26: =IF($F26="Needs resubmission",IF($H26="","",TODAY()-$H26),"") | J26: =IF($A26="","",IF(_xlfn.MINIFS(Submissions!$M$2:$M$1000,Submissions!$A$2:$A$1000,$A26)=0,"",INDEX(Submissions!$B$2:$B$1000,_xlfn.MINIFS(Submissions!$M$2:$M$1000,Submissions!$A$2:$A$1000,$A26)-1))) | K26: =IF($A26="","",SUMIFS(Submissions!$J$2:$J$1000,Submissions!$A$2:$A$1000,$A26)) | L26: =IF($A26="","",COUNTIFS(Submissions!$A$2:$A$1000,$A26,Submissions!$D$2:$D$1000,"Rejected")+COUNTIFS(Submissions!$A$2:$A$1000,$A26,Submissions!$D$2:$D$1000,"Returned by office")) | N26: =IF(IF($F26="Revision due",3000,IF($F26="Needs resubmission",2000,IF($F26="Not yet submitted",1000,"")))="","",IF($F26="Revision due",3000,IF($F26="Needs resubmission",2000,IF($F26="Not yet submitted",1000,"")))+IF($I26="",0,MIN($I26,999))+(1000-ROW())/100000) | O26: =IF($N26="","",RANK($N26,$N$2:$N$81))
F27: =IF($A27="","",IF($E27<>"",$E27,IF(COUNTIFS(Submissions!$A$2:$A$1000,$A27,Submissions!$D$2:$D$1000,"Accepted")>0,"Accepted",IF(COUNTIFS(Submissions!$A$2:$A$1000,$A27,Submissions!$D$2:$D$1000,"Revision requested")>0,"Revision due",IF(COUNTIFS(Submissions!$A$2:$A$1000,$A27,Submissions!$D$2:$D$1000,"Under review")>0,"Under review",IF($K27>0,"Needs resubmission","Not yet submitted")))))) | G27: =IF($A27="","",IFERROR(INDEX(Submissions!$B$2:$B$1000,MATCH(_xlfn.MAXIFS(Submissions!$L$2:$L$1000,Submissions!$A$2:$A$1000,$A27),Submissions!$L$2:$L$1000,0)),"")) | H27: =IF($A27="","",IF(_xlfn.MAXIFS(Submissions!$F$2:$F$1000,Submissions!$A$2:$A$1000,$A27)=0,"",_xlfn.MAXIFS(Submissions!$F$2:$F$1000,Submissions!$A$2:$A$1000,$A27))) | I27: =IF($F27="Needs resubmission",IF($H27="","",TODAY()-$H27),"") | J27: =IF($A27="","",IF(_xlfn.MINIFS(Submissions!$M$2:$M$1000,Submissions!$A$2:$A$1000,$A27)=0,"",INDEX(Submissions!$B$2:$B$1000,_xlfn.MINIFS(Submissions!$M$2:$M$1000,Submissions!$A$2:$A$1000,$A27)-1))) | K27: =IF($A27="","",SUMIFS(Submissions!$J$2:$J$1000,Submissions!$A$2:$A$1000,$A27)) | L27: =IF($A27="","",COUNTIFS(Submissions!$A$2:$A$1000,$A27,Submissions!$D$2:$D$1000,"Rejected")+COUNTIFS(Submissions!$A$2:$A$1000,$A27,Submissions!$D$2:$D$1000,"Returned by office")) | N27: =IF(IF($F27="Revision due",3000,IF($F27="Needs resubmission",2000,IF($F27="Not yet submitted",1000,"")))="","",IF($F27="Revision due",3000,IF($F27="Needs resubmission",2000,IF($F27="Not yet submitted",1000,"")))+IF($I27="",0,MIN($I27,999))+(1000-ROW())/100000) | O27: =IF($N27="","",RANK($N27,$N$2:$N$81))
F28: =IF($A28="","",IF($E28<>"",$E28,IF(COUNTIFS(Submissions!$A$2:$A$1000,$A28,Submissions!$D$2:$D$1000,"Accepted")>0,"Accepted",IF(COUNTIFS(Submissions!$A$2:$A$1000,$A28,Submissions!$D$2:$D$1000,"Revision requested")>0,"Revision due",IF(COUNTIFS(Submissions!$A$2:$A$1000,$A28,Submissions!$D$2:$D$1000,"Under review")>0,"Under review",IF($K28>0,"Needs resubmission","Not yet submitted")))))) | G28: =IF($A28="","",IFERROR(INDEX(Submissions!$B$2:$B$1000,MATCH(_xlfn.MAXIFS(Submissions!$L$2:$L$1000,Submissions!$A$2:$A$1000,$A28),Submissions!$L$2:$L$1000,0)),"")) | H28: =IF($A28="","",IF(_xlfn.MAXIFS(Submissions!$F$2:$F$1000,Submissions!$A$2:$A$1000,$A28)=0,"",_xlfn.MAXIFS(Submissions!$F$2:$F$1000,Submissions!$A$2:$A$1000,$A28))) | I28: =IF($F28="Needs resubmission",IF($H28="","",TODAY()-$H28),"") | J28: =IF($A28="","",IF(_xlfn.MINIFS(Submissions!$M$2:$M$1000,Submissions!$A$2:$A$1000,$A28)=0,"",INDEX(Submissions!$B$2:$B$1000,_xlfn.MINIFS(Submissions!$M$2:$M$1000,Submissions!$A$2:$A$1000,$A28)-1))) | K28: =IF($A28="","",SUMIFS(Submissions!$J$2:$J$1000,Submissions!$A$2:$A$1000,$A28)) | L28: =IF($A28="","",COUNTIFS(Submissions!$A$2:$A$1000,$A28,Submissions!$D$2:$D$1000,"Rejected")+COUNTIFS(Submissions!$A$2:$A$1000,$A28,Submissions!$D$2:$D$1000,"Returned by office")) | N28: =IF(IF($F28="Revision due",3000,IF($F28="Needs resubmission",2000,IF($F28="Not yet submitted",1000,"")))="","",IF($F28="Revision due",3000,IF($F28="Needs resubmission",2000,IF($F28="Not yet submitted",1000,"")))+IF($I28="",0,MIN($I28,999))+(1000-ROW())/100000) | O28: =IF($N28="","",RANK($N28,$N$2:$N$81))
F29: =IF($A29="","",IF($E29<>"",$E29,IF(COUNTIFS(Submissions!$A$2:$A$1000,$A29,Submissions!$D$2:$D$1000,"Accepted")>0,"Accepted",IF(COUNTIFS(Submissions!$A$2:$A$1000,$A29,Submissions!$D$2:$D$1000,"Revision requested")>0,"Revision due",IF(COUNTIFS(Submissions!$A$2:$A$1000,$A29,Submissions!$D$2:$D$1000,"Under review")>0,"Under review",IF($K29>0,"Needs resubmission","Not yet submitted")))))) | G29: =IF($A29="","",IFERROR(INDEX(Submissions!$B$2:$B$1000,MATCH(_xlfn.MAXIFS(Submissions!$L$2:$L$1000,Submissions!$A$2:$A$1000,$A29),Submissions!$L$2:$L$1000,0)),"")) | H29: =IF($A29="","",IF(_xlfn.MAXIFS(Submissions!$F$2:$F$1000,Submissions!$A$2:$A$1000,$A29)=0,"",_xlfn.MAXIFS(Submissions!$F$2:$F$1000,Submissions!$A$2:$A$1000,$A29))) | I29: =IF($F29="Needs resubmission",IF($H29="","",TODAY()-$H29),"") | J29: =IF($A29="","",IF(_xlfn.MINIFS(Submissions!$M$2:$M$1000,Submissions!$A$2:$A$1000,$A29)=0,"",INDEX(Submissions!$B$2:$B$1000,_xlfn.MINIFS(Submissions!$M$2:$M$1000,Submissions!$A$2:$A$1000,$A29)-1))) | K29: =IF($A29="","",SUMIFS(Submissions!$J$2:$J$1000,Submissions!$A$2:$A$1000,$A29)) | L29: =IF($A29="","",COUNTIFS(Submissions!$A$2:$A$1000,$A29,Submissions!$D$2:$D$1000,"Rejected")+COUNTIFS(Submissions!$A$2:$A$1000,$A29,Submissions!$D$2:$D$1000,"Returned by office")) | N29: =IF(IF($F29="Revision due",3000,IF($F29="Needs resubmission",2000,IF($F29="Not yet submitted",1000,"")))="","",IF($F29="Revision due",3000,IF($F29="Needs resubmission",2000,IF($F29="Not yet submitted",1000,"")))+IF($I29="",0,MIN($I29,999))+(1000-ROW())/100000) | O29: =IF($N29="","",RANK($N29,$N$2:$N$81))
F30: =IF($A30="","",IF($E30<>"",$E30,IF(COUNTIFS(Submissions!$A$2:$A$1000,$A30,Submissions!$D$2:$D$1000,"Accepted")>0,"Accepted",IF(COUNTIFS(Submissions!$A$2:$A$1000,$A30,Submissions!$D$2:$D$1000,"Revision requested")>0,"Revision due",IF(COUNTIFS(Submissions!$A$2:$A$1000,$A30,Submissions!$D$2:$D$1000,"Under review")>0,"Under review",IF($K30>0,"Needs resubmission","Not yet submitted")))))) | G30: =IF($A30="","",IFERROR(INDEX(Submissions!$B$2:$B$1000,MATCH(_xlfn.MAXIFS(Submissions!$L$2:$L$1000,Submissions!$A$2:$A$1000,$A30),Submissions!$L$2:$L$1000,0)),"")) | H30: =IF($A30="","",IF(_xlfn.MAXIFS(Submissions!$F$2:$F$1000,Submissions!$A$2:$A$1000,$A30)=0,"",_xlfn.MAXIFS(Submissions!$F$2:$F$1000,Submissions!$A$2:$A$1000,$A30))) | I30: =IF($F30="Needs resubmission",IF($H30="","",TODAY()-$H30),"") | J30: =IF($A30="","",IF(_xlfn.MINIFS(Submissions!$M$2:$M$1000,Submissions!$A$2:$A$1000,$A30)=0,"",INDEX(Submissions!$B$2:$B$1000,_xlfn.MINIFS(Submissions!$M$2:$M$1000,Submissions!$A$2:$A$1000,$A30)-1))) | K30: =IF($A30="","",SUMIFS(Submissions!$J$2:$J$1000,Submissions!$A$2:$A$1000,$A30)) | L30: =IF($A30="","",COUNTIFS(Submissions!$A$2:$A$1000,$A30,Submissions!$D$2:$D$1000,"Rejected")+COUNTIFS(Submissions!$A$2:$A$1000,$A30,Submissions!$D$2:$D$1000,"Returned by office")) | N30: =IF(IF($F30="Revision due",3000,IF($F30="Needs resubmission",2000,IF($F30="Not yet submitted",1000,"")))="","",IF($F30="Revision due",3000,IF($F30="Needs resubmission",2000,IF($F30="Not yet submitted",1000,"")))+IF($I30="",0,MIN($I30,999))+(1000-ROW())/100000) | O30: =IF($N30="","",RANK($N30,$N$2:$N$81))
F31: =IF($A31="","",IF($E31<>"",$E31,IF(COUNTIFS(Submissions!$A$2:$A$1000,$A31,Submissions!$D$2:$D$1000,"Accepted")>0,"Accepted",IF(COUNTIFS(Submissions!$A$2:$A$1000,$A31,Submissions!$D$2:$D$1000,"Revision requested")>0,"Revision due",IF(COUNTIFS(Submissions!$A$2:$A$1000,$A31,Submissions!$D$2:$D$1000,"Under review")>0,"Under review",IF($K31>0,"Needs resubmission","Not yet submitted")))))) | G31: =IF($A31="","",IFERROR(INDEX(Submissions!$B$2:$B$1000,MATCH(_xlfn.MAXIFS(Submissions!$L$2:$L$1000,Submissions!$A$2:$A$1000,$A31),Submissions!$L$2:$L$1000,0)),"")) | H31: =IF($A31="","",IF(_xlfn.MAXIFS(Submissions!$F$2:$F$1000,Submissions!$A$2:$A$1000,$A31)=0,"",_xlfn.MAXIFS(Submissions!$F$2:$F$1000,Submissions!$A$2:$A$1000,$A31))) | I31: =IF($F31="Needs resubmission",IF($H31="","",TODAY()-$H31),"") | J31: =IF($A31="","",IF(_xlfn.MINIFS(Submissions!$M$2:$M$1000,Submissions!$A$2:$A$1000,$A31)=0,"",INDEX(Submissions!$B$2:$B$1000,_xlfn.MINIFS(Submissions!$M$2:$M$1000,Submissions!$A$2:$A$1000,$A31)-1))) | K31: =IF($A31="","",SUMIFS(Submissions!$J$2:$J$1000,Submissions!$A$2:$A$1000,$A31)) | L31: =IF($A31="","",COUNTIFS(Submissions!$A$2:$A$1000,$A31,Submissions!$D$2:$D$1000,"Rejected")+COUNTIFS(Submissions!$A$2:$A$1000,$A31,Submissions!$D$2:$D$1000,"Returned by office")) | N31: =IF(IF($F31="Revision due",3000,IF($F31="Needs resubmission",2000,IF($F31="Not yet submitted",1000,"")))="","",IF($F31="Revision due",3000,IF($F31="Needs resubmission",2000,IF($F31="Not yet submitted",1000,"")))+IF($I31="",0,MIN($I31,999))+(1000-ROW())/100000) | O31: =IF($N31="","",RANK($N31,$N$2:$N$81))
F32: =IF($A32="","",IF($E32<>"",$E32,IF(COUNTIFS(Submissions!$A$2:$A$1000,$A32,Submissions!$D$2:$D$1000,"Accepted")>0,"Accepted",IF(COUNTIFS(Submissions!$A$2:$A$1000,$A32,Submissions!$D$2:$D$1000,"Revision requested")>0,"Revision due",IF(COUNTIFS(Submissions!$A$2:$A$1000,$A32,Submissions!$D$2:$D$1000,"Under review")>0,"Under review",IF($K32>0,"Needs resubmission","Not yet submitted")))))) | G32: =IF($A32="","",IFERROR(INDEX(Submissions!$B$2:$B$1000,MATCH(_xlfn.MAXIFS(Submissions!$L$2:$L$1000,Submissions!$A$2:$A$1000,$A32),Submissions!$L$2:$L$1000,0)),"")) | H32: =IF($A32="","",IF(_xlfn.MAXIFS(Submissions!$F$2:$F$1000,Submissions!$A$2:$A$1000,$A32)=0,"",_xlfn.MAXIFS(Submissions!$F$2:$F$1000,Submissions!$A$2:$A$1000,$A32))) | I32: =IF($F32="Needs resubmission",IF($H32="","",TODAY()-$H32),"") | J32: =IF($A32="","",IF(_xlfn.MINIFS(Submissions!$M$2:$M$1000,Submissions!$A$2:$A$1000,$A32)=0,"",INDEX(Submissions!$B$2:$B$1000,_xlfn.MINIFS(Submissions!$M$2:$M$1000,Submissions!$A$2:$A$1000,$A32)-1))) | K32: =IF($A32="","",SUMIFS(Submissions!$J$2:$J$1000,Submissions!$A$2:$A$1000,$A32)) | L32: =IF($A32="","",COUNTIFS(Submissions!$A$2:$A$1000,$A32,Submissions!$D$2:$D$1000,"Rejected")+COUNTIFS(Submissions!$A$2:$A$1000,$A32,Submissions!$D$2:$D$1000,"Returned by office")) | N32: =IF(IF($F32="Revision due",3000,IF($F32="Needs resubmission",2000,IF($F32="Not yet submitted",1000,"")))="","",IF($F32="Revision due",3000,IF($F32="Needs resubmission",2000,IF($F32="Not yet submitted",1000,"")))+IF($I32="",0,MIN($I32,999))+(1000-ROW())/100000) | O32: =IF($N32="","",RANK($N32,$N$2:$N$81))
F33: =IF($A33="","",IF($E33<>"",$E33,IF(COUNTIFS(Submissions!$A$2:$A$1000,$A33,Submissions!$D$2:$D$1000,"Accepted")>0,"Accepted",IF(COUNTIFS(Submissions!$A$2:$A$1000,$A33,Submissions!$D$2:$D$1000,"Revision requested")>0,"Revision due",IF(COUNTIFS(Submissions!$A$2:$A$1000,$A33,Submissions!$D$2:$D$1000,"Under review")>0,"Under review",IF($K33>0,"Needs resubmission","Not yet submitted")))))) | G33: =IF($A33="","",IFERROR(INDEX(Submissions!$B$2:$B$1000,MATCH(_xlfn.MAXIFS(Submissions!$L$2:$L$1000,Submissions!$A$2:$A$1000,$A33),Submissions!$L$2:$L$1000,0)),"")) | H33: =IF($A33="","",IF(_xlfn.MAXIFS(Submissions!$F$2:$F$1000,Submissions!$A$2:$A$1000,$A33)=0,"",_xlfn.MAXIFS(Submissions!$F$2:$F$1000,Submissions!$A$2:$A$1000,$A33))) | I33: =IF($F33="Needs resubmission",IF($H33="","",TODAY()-$H33),"") | J33: =IF($A33="","",IF(_xlfn.MINIFS(Submissions!$M$2:$M$1000,Submissions!$A$2:$A$1000,$A33)=0,"",INDEX(Submissions!$B$2:$B$1000,_xlfn.MINIFS(Submissions!$M$2:$M$1000,Submissions!$A$2:$A$1000,$A33)-1))) | K33: =IF($A33="","",SUMIFS(Submissions!$J$2:$J$1000,Submissions!$A$2:$A$1000,$A33)) | L33: =IF($A33="","",COUNTIFS(Submissions!$A$2:$A$1000,$A33,Submissions!$D$2:$D$1000,"Rejected")+COUNTIFS(Submissions!$A$2:$A$1000,$A33,Submissions!$D$2:$D$1000,"Returned by office")) | N33: =IF(IF($F33="Revision due",3000,IF($F33="Needs resubmission",2000,IF($F33="Not yet submitted",1000,"")))="","",IF($F33="Revision due",3000,IF($F33="Needs resubmission",2000,IF($F33="Not yet submitted",1000,"")))+IF($I33="",0,MIN($I33,999))+(1000-ROW())/100000) | O33: =IF($N33="","",RANK($N33,$N$2:$N$81))
F34: =IF($A34="","",IF($E34<>"",$E34,IF(COUNTIFS(Submissions!$A$2:$A$1000,$A34,Submissions!$D$2:$D$1000,"Accepted")>0,"Accepted",IF(COUNTIFS(Submissions!$A$2:$A$1000,$A34,Submissions!$D$2:$D$1000,"Revision requested")>0,"Revision due",IF(COUNTIFS(Submissions!$A$2:$A$1000,$A34,Submissions!$D$2:$D$1000,"Under review")>0,"Under review",IF($K34>0,"Needs resubmission","Not yet submitted")))))) | G34: =IF($A34="","",IFERROR(INDEX(Submissions!$B$2:$B$1000,MATCH(_xlfn.MAXIFS(Submissions!$L$2:$L$1000,Submissions!$A$2:$A$1000,$A34),Submissions!$L$2:$L$1000,0)),"")) | H34: =IF($A34="","",IF(_xlfn.MAXIFS(Submissions!$F$2:$F$1000,Submissions!$A$2:$A$1000,$A34)=0,"",_xlfn.MAXIFS(Submissions!$F$2:$F$1000,Submissions!$A$2:$A$1000,$A34))) | I34: =IF($F34="Needs resubmission",IF($H34="","",TODAY()-$H34),"") | J34: =IF($A34="","",IF(_xlfn.MINIFS(Submissions!$M$2:$M$1000,Submissions!$A$2:$A$1000,$A34)=0,"",INDEX(Submissions!$B$2:$B$1000,_xlfn.MINIFS(Submissions!$M$2:$M$1000,Submissions!$A$2:$A$1000,$A34)-1))) | K34: =IF($A34="","",SUMIFS(Submissions!$J$2:$J$1000,Submissions!$A$2:$A$1000,$A34)) | L34: =IF($A34="","",COUNTIFS(Submissions!$A$2:$A$1000,$A34,Submissions!$D$2:$D$1000,"Rejected")+COUNTIFS(Submissions!$A$2:$A$1000,$A34,Submissions!$D$2:$D$1000,"Returned by office")) | N34: =IF(IF($F34="Revision due",3000,IF($F34="Needs resubmission",2000,IF($F34="Not yet submitted",1000,"")))="","",IF($F34="Revision due",3000,IF($F34="Needs resubmission",2000,IF($F34="Not yet submitted",1000,"")))+IF($I34="",0,MIN($I34,999))+(1000-ROW())/100000) | O34: =IF($N34="","",RANK($N34,$N$2:$N$81))
... F81: =IF($A81="","",IF($E81<>"",$E81,IF(COUNTIFS(Submissions!$A$2:$A$1000,$A81,Submissions!$D$2:$D$1000,"Accepted")>0,"Accepted",IF(COUNTIFS(Submissions!$A$2:$A$1000,$A81,Submissions!$D$2:$D$1000,"Revision requested")>0,"Revision due",IF(COUNTIFS(Submissions!$A$2:$A$1000,$A81,Submissions!$D$2:$D$1000,"Under review")>0,"Under review",IF($K81>0,"Needs resubmission","Not yet submitted")))))) | G81: =IF($A81="","",IFERROR(INDEX(Submissions!$B$2:$B$1000,MATCH(_xlfn.MAXIFS(Submissions!$L$2:$L$1000,Submissions!$A$2:$A$1000,$A81),Submissions!$L$2:$L$1000,0)),"")) | H81: =IF($A81="","",IF(_xlfn.MAXIFS(Submissions!$F$2:$F$1000,Submissions!$A$2:$A$1000,$A81)=0,"",_xlfn.MAXIFS(Submissions!$F$2:$F$1000,Submissions!$A$2:$A$1000,$A81))) | I81: =IF($F81="Needs resubmission",IF($H81="","",TODAY()-$H81),"") | J81: =IF($A81="","",IF(_xlfn.MINIFS(Submissions!$M$2:$M$1000,Submissions!$A$2:$A$1000,$A81)=0,"",INDEX(Submissions!$B$2:$B$1000,_xlfn.MINIFS(Submissions!$M$2:$M$1000,Submissions!$A$2:$A$1000,$A81)-1))) | K81: =IF($A81="","",SUMIFS(Submissions!$J$2:$J$1000,Submissions!$A$2:$A$1000,$A81)) | L81: =IF($A81="","",COUNTIFS(Submissions!$A$2:$A$1000,$A81,Submissions!$D$2:$D$1000,"Rejected")+COUNTIFS(Submissions!$A$2:$A$1000,$A81,Submissions!$D$2:$D$1000,"Returned by office")) | N81: =IF(IF($F81="Revision due",3000,IF($F81="Needs resubmission",2000,IF($F81="Not yet submitted",1000,"")))="","",IF($F81="Revision due",3000,IF($F81="Needs resubmission",2000,IF($F81="Not yet submitted",1000,"")))+IF($I81="",0,MIN($I81,999))+(1000-ROW())/100000) | O81: =IF($N81="","",RANK($N81,$N$2:$N$81))

Sheet Submissions
A1: Paper | B1: Journal | C1: Rating / index | D1: Status | E1: Date submitted | F1: Date of decision | G1: Days | H1: Notes | I1: Title used (if retitled) | J1: sent | K1: open | L1: sub key | M1: planned row | N1: open score | O1: open rank
A2: Death & language: Heidegger–Blanchot | B2: Theory, Culture and Society | C2: A | D2: Rejected | E2: 45463 | F2: 45607 | G2: =IF(OR(E2="",J2=0),"",IF(F2<>"",F2-E2,TODAY()-E2)) -> 144 | H2: Rejected with 6 reviews. ~67 papers/yr | I2: The Voice of Silence: Heidegger and Blanchot on Death and the Limits of Communication | J2: =IF(OR(D2="",D2="Planned"),0,1) -> 1 | K2: =IF(OR(D2="Under review",D2="Revision requested"),1,0) -> 0 | L2: =IF(AND(J2=1,E2<>""),E2+ROW()/100000,"") -> 45463 | M2: =IF(D2="Planned",ROW(),"") | N2: =IF(K2=1,IF(E2="",0,TODAY()-E2)+ROW()/100000,"") | O2: =IF(N2="","",RANK(N2,$N$2:$N$1000))
A3: Death & language: Heidegger–Blanchot | B3: Communication Monographs | C3: A | D3: Rejected | E3: 45630 | F3: 45633 | G3: =IF(OR(E3="",J3=0),"",IF(F3<>"",F3-E3,TODAY()-E3)) -> 3 | J3: =IF(OR(D3="",D3="Planned"),0,1) -> 1 | K3: =IF(OR(D3="Under review",D3="Revision requested"),1,0) -> 0 | L3: =IF(AND(J3=1,E3<>""),E3+ROW()/100000,"") -> 45630 | M3: =IF(D3="Planned",ROW(),"") | N3: =IF(K3=1,IF(E3="",0,TODAY()-E3)+ROW()/100000,"") | O3: =IF(N3="","",RANK(N3,$N$2:$N$1000))
A4: Death & language: Heidegger–Blanchot | B4: Language & Communication | C4: B | D4: Rejected | E4: 45656 | F4: 45758 | G4: =IF(OR(E4="",J4=0),"",IF(F4<>"",F4-E4,TODAY()-E4)) -> 102 | J4: =IF(OR(D4="",D4="Planned"),0,1) -> 1 | K4: =IF(OR(D4="Under review",D4="Revision requested"),1,0) -> 0 | L4: =IF(AND(J4=1,E4<>""),E4+ROW()/100000,"") -> 45656 | M4: =IF(D4="Planned",ROW(),"") | N4: =IF(K4=1,IF(E4="",0,TODAY()-E4)+ROW()/100000,"") | O4: =IF(N4="","",RANK(N4,$N$2:$N$1000))
A5: Death & language: Heidegger–Blanchot | B5: Philosophy of the Social Sciences | C5: B | D5: Rejected | E5: 45761 | F5: 45761 | G5: =IF(OR(E5="",J5=0),"",IF(F5<>"",F5-E5,TODAY()-E5)) -> 0 | J5: =IF(OR(D5="",D5="Planned"),0,1) -> 1 | K5: =IF(OR(D5="Under review",D5="Revision requested"),1,0) -> 0 | L5: =IF(AND(J5=1,E5<>""),E5+ROW()/100000,"") -> 45761 | M5: =IF(D5="Planned",ROW(),"") | N5: =IF(K5=1,IF(E5="",0,TODAY()-E5)+ROW()/100000,"") | O5: =IF(N5="","",RANK(N5,$N$2:$N$1000))
A6: Death & language: Heidegger–Blanchot | B6: Journal of Communication | C6: A | D6: Rejected | E6: 45761 | F6: 45762 | G6: =IF(OR(E6="",J6=0),"",IF(F6<>"",F6-E6,TODAY()-E6)) -> 1 | J6: =IF(OR(D6="",D6="Planned"),0,1) -> 1 | K6: =IF(OR(D6="Under review",D6="Revision requested"),1,0) -> 0 | L6: =IF(AND(J6=1,E6<>""),E6+ROW()/100000,"") -> 45761 | M6: =IF(D6="Planned",ROW(),"") | N6: =IF(K6=1,IF(E6="",0,TODAY()-E6)+ROW()/100000,"") | O6: =IF(N6="","",RANK(N6,$N$2:$N$1000))
A7: Death & language: Heidegger–Blanchot | B7: European Journal of Communication | C7: B | D7: Rejected | E7: 45779 | F7: 45804 | G7: =IF(OR(E7="",J7=0),"",IF(F7<>"",F7-E7,TODAY()-E7)) -> 25 | J7: =IF(OR(D7="",D7="Planned"),0,1) -> 1 | K7: =IF(OR(D7="Under review",D7="Revision requested"),1,0) -> 0 | L7: =IF(AND(J7=1,E7<>""),E7+ROW()/100000,"") -> 45779 | M7: =IF(D7="Planned",ROW(),"") | N7: =IF(K7=1,IF(E7="",0,TODAY()-E7)+ROW()/100000,"") | O7: =IF(N7="","",RANK(N7,$N$2:$N$1000))
A8: Death & language: Heidegger–Blanchot | B8: Comparative and Continental Philosophy | C8: Q4 | D8: Under review | E8: 45812 | G8: =IF(OR(E8="",J8=0),"",IF(F8<>"",F8-E8,TODAY()-E8)) -> 494 | H8: No outcome recorded since submission | J8: =IF(OR(D8="",D8="Planned"),0,1) -> 1 | K8: =IF(OR(D8="Under review",D8="Revision requested"),1,0) -> 1 | L8: =IF(AND(J8=1,E8<>""),E8+ROW()/100000,"") -> 45812 | M8: =IF(D8="Planned",ROW(),"") | N8: =IF(K8=1,IF(E8="",0,TODAY()-E8)+ROW()/100000,"") -> 494.00008 | O8: =IF(N8="","",RANK(N8,$N$2:$N$1000)) -> 1
A9: Death & language: Heidegger–Blanchot | B9: Research in Phenomenology | C9: SSCI IF 0.48 | D9: Planned | G9: =IF(OR(E9="",J9=0),"",IF(F9<>"",F9-E9,TODAY()-E9)) | H9: Your note: try first | J9: =IF(OR(D9="",D9="Planned"),0,1) -> 0 | K9: =IF(OR(D9="Under review",D9="Revision requested"),1,0) -> 0 | L9: =IF(AND(J9=1,E9<>""),E9+ROW()/100000,"") | M9: =IF(D9="Planned",ROW(),"") -> 9 | N9: =IF(K9=1,IF(E9="",0,TODAY()-E9)+ROW()/100000,"") | O9: =IF(N9="","",RANK(N9,$N$2:$N$1000))
A10: Death & language: Heidegger–Blanchot | B10: Asian Journal of Communication | C10: IF 2.5 | D10: Planned | G10: =IF(OR(E10="",J10=0),"",IF(F10<>"",F10-E10,TODAY()-E10)) | J10: =IF(OR(D10="",D10="Planned"),0,1) -> 0 | K10: =IF(OR(D10="Under review",D10="Revision requested"),1,0) -> 0 | L10: =IF(AND(J10=1,E10<>""),E10+ROW()/100000,"") | M10: =IF(D10="Planned",ROW(),"") -> 10 | N10: =IF(K10=1,IF(E10="",0,TODAY()-E10)+ROW()/100000,"") | O10: =IF(N10="","",RANK(N10,$N$2:$N$1000))
A11: Death & language: Heidegger–Blanchot | B11: Critical Horizons | C11: Q2 | D11: Planned | G11: =IF(OR(E11="",J11=0),"",IF(F11<>"",F11-E11,TODAY()-E11)) | J11: =IF(OR(D11="",D11="Planned"),0,1) -> 0 | K11: =IF(OR(D11="Under review",D11="Revision requested"),1,0) -> 0 | L11: =IF(AND(J11=1,E11<>""),E11+ROW()/100000,"") | M11: =IF(D11="Planned",ROW(),"") -> 11 | N11: =IF(K11=1,IF(E11="",0,TODAY()-E11)+ROW()/100000,"") | O11: =IF(N11="","",RANK(N11,$N$2:$N$1000))
A12: Death & language: Heidegger–Blanchot | B12: Mortality (Death and Dying), T&F | C12: Q1 | D12: Planned | G12: =IF(OR(E12="",J12=0),"",IF(F12<>"",F12-E12,TODAY()-E12)) | J12: =IF(OR(D12="",D12="Planned"),0,1) -> 0 | K12: =IF(OR(D12="Under review",D12="Revision requested"),1,0) -> 0 | L12: =IF(AND(J12=1,E12<>""),E12+ROW()/100000,"") | M12: =IF(D12="Planned",ROW(),"") -> 12 | N12: =IF(K12=1,IF(E12="",0,TODAY()-E12)+ROW()/100000,"") | O12: =IF(N12="","",RANK(N12,$N$2:$N$1000))
A13: Death & language: Heidegger–Blanchot | B13: Journal of the British Society for Phenomenology (JBSP) | D13: Planned | G13: =IF(OR(E13="",J13=0),"",IF(F13<>"",F13-E13,TODAY()-E13)) | J13: =IF(OR(D13="",D13="Planned"),0,1) -> 0 | K13: =IF(OR(D13="Under review",D13="Revision requested"),1,0) -> 0 | L13: =IF(AND(J13=1,E13<>""),E13+ROW()/100000,"") | M13: =IF(D13="Planned",ROW(),"") -> 13 | N13: =IF(K13=1,IF(E13="",0,TODAY()-E13)+ROW()/100000,"") | O13: =IF(N13="","",RANK(N13,$N$2:$N$1000))
A14: Death & language: Heidegger–Blanchot | B14: Eidos: A Journal for Philosophy of Culture | D14: Planned | G14: =IF(OR(E14="",J14=0),"",IF(F14<>"",F14-E14,TODAY()-E14)) | J14: =IF(OR(D14="",D14="Planned"),0,1) -> 0 | K14: =IF(OR(D14="Under review",D14="Revision requested"),1,0) -> 0 | L14: =IF(AND(J14=1,E14<>""),E14+ROW()/100000,"") | M14: =IF(D14="Planned",ROW(),"") -> 14 | N14: =IF(K14=1,IF(E14="",0,TODAY()-E14)+ROW()/100000,"") | O14: =IF(N14="","",RANK(N14,$N$2:$N$1000))
A15: Death & language: Heidegger–Blanchot | B15: Communications: The European Journal of Communication Research | D15: Planned | G15: =IF(OR(E15="",J15=0),"",IF(F15<>"",F15-E15,TODAY()-E15)) | J15: =IF(OR(D15="",D15="Planned"),0,1) -> 0 | K15: =IF(OR(D15="Under review",D15="Revision requested"),1,0) -> 0 | L15: =IF(AND(J15=1,E15<>""),E15+ROW()/100000,"") | M15: =IF(D15="Planned",ROW(),"") -> 15 | N15: =IF(K15=1,IF(E15="",0,TODAY()-E15)+ROW()/100000,"") | O15: =IF(N15="","",RANK(N15,$N$2:$N$1000))
A16: ‘One dies’: Blanchot & organizational speech | B16: Organization | C16: A | D16: Under review | E16: 46296 | G16: =IF(OR(E16="",J16=0),"",IF(F16<>"",F16-E16,TODAY()-E16)) -> 10 | J16: =IF(OR(D16="",D16="Planned"),0,1) -> 1 | K16: =IF(OR(D16="Under review",D16="Revision requested"),1,0) -> 1 | L16: =IF(AND(J16=1,E16<>""),E16+ROW()/100000,"") -> 46296 | M16: =IF(D16="Planned",ROW(),"") | N16: =IF(K16=1,IF(E16="",0,TODAY()-E16)+ROW()/100000,"") -> 10.00016 | O16: =IF(N16="","",RANK(N16,$N$2:$N$1000)) -> 6
A17: ‘One dies’: Blanchot & organizational speech | B17: Human Relations | C17: A* | D17: Planned | G17: =IF(OR(E17="",J17=0),"",IF(F17<>"",F17-E17,TODAY()-E17)) | J17: =IF(OR(D17="",D17="Planned"),0,1) -> 0 | K17: =IF(OR(D17="Under review",D17="Revision requested"),1,0) -> 0 | L17: =IF(AND(J17=1,E17<>""),E17+ROW()/100000,"") | M17: =IF(D17="Planned",ROW(),"") -> 17 | N17: =IF(K17=1,IF(E17="",0,TODAY()-E17)+ROW()/100000,"") | O17: =IF(N17="","",RANK(N17,$N$2:$N$1000))
A18: ‘One dies’: Blanchot & organizational speech | B18: Philosophy & Social Criticism | C18: Q1 | D18: Planned | G18: =IF(OR(E18="",J18=0),"",IF(F18<>"",F18-E18,TODAY()-E18)) | J18: =IF(OR(D18="",D18="Planned"),0,1) -> 0 | K18: =IF(OR(D18="Under review",D18="Revision requested"),1,0) -> 0 | L18: =IF(AND(J18=1,E18<>""),E18+ROW()/100000,"") | M18: =IF(D18="Planned",ROW(),"") -> 18 | N18: =IF(K18=1,IF(E18="",0,TODAY()-E18)+ROW()/100000,"") | O18: =IF(N18="","",RANK(N18,$N$2:$N$1000))
A19: Derrida hauntology & memory ethics | B19: Time and Society | C19: B | D19: Rejected | E19: 45457 | F19: 45464 | G19: =IF(OR(E19="",J19=0),"",IF(F19<>"",F19-E19,TODAY()-E19)) -> 7 | I19: The Specter of Time: Tracing Derrida’s Hauntology and the Spectral Interruptions of Linear Temporality | J19: =IF(OR(D19="",D19="Planned"),0,1) -> 1 | K19: =IF(OR(D19="Under review",D19="Revision requested"),1,0) -> 0 | L19: =IF(AND(J19=1,E19<>""),E19+ROW()/100000,"") -> 45457 | M19: =IF(D19="Planned",ROW(),"") | N19: =IF(K19=1,IF(E19="",0,TODAY()-E19)+ROW()/100000,"") | O19: =IF(N19="","",RANK(N19,$N$2:$N$1000))
A20: Derrida hauntology & memory ethics | B20: Philosophy of the Social Sciences (Sage) | C20: B | D20: Rejected | E20: 45464 | F20: 45464 | G20: =IF(OR(E20="",J20=0),"",IF(F20<>"",F20-E20,TODAY()-E20)) -> 0 | H20: ~26 papers/yr | J20: =IF(OR(D20="",D20="Planned"),0,1) -> 1 | K20: =IF(OR(D20="Under review",D20="Revision requested"),1,0) -> 0 | L20: =IF(AND(J20=1,E20<>""),E20+ROW()/100000,"") -> 45464 | M20: =IF(D20="Planned",ROW(),"") | N20: =IF(K20=1,IF(E20="",0,TODAY()-E20)+ROW()/100000,"") | O20: =IF(N20="","",RANK(N20,$N$2:$N$1000))
A21: Derrida hauntology & memory ethics | B21: Ethics: an international journal of social, political, and legal philosophy | C21: A | D21: Rejected | E21: 45464 | F21: 45467 | G21: =IF(OR(E21="",J21=0),"",IF(F21<>"",F21-E21,TODAY()-E21)) -> 3 | J21: =IF(OR(D21="",D21="Planned"),0,1) -> 1 | K21: =IF(OR(D21="Under review",D21="Revision requested"),1,0) -> 0 | L21: =IF(AND(J21=1,E21<>""),E21+ROW()/100000,"") -> 45464 | M21: =IF(D21="Planned",ROW(),"") | N21: =IF(K21=1,IF(E21="",0,TODAY()-E21)+ROW()/100000,"") | O21: =IF(N21="","",RANK(N21,$N$2:$N$1000))
A22: Derrida hauntology & memory ethics | B22: Critical Quarterly (Wiley) | C22: Q2 | D22: Rejected | E22: 45468 | F22: 45566 | G22: =IF(OR(E22="",J22=0),"",IF(F22<>"",F22-E22,TODAY()-E22)) -> 98 | H22: 43% acceptance | J22: =IF(OR(D22="",D22="Planned"),0,1) -> 1 | K22: =IF(OR(D22="Under review",D22="Revision requested"),1,0) -> 0 | L22: =IF(AND(J22=1,E22<>""),E22+ROW()/100000,"") -> 45468 | M22: =IF(D22="Planned",ROW(),"") | N22: =IF(K22=1,IF(E22="",0,TODAY()-E22)+ROW()/100000,"") | O22: =IF(N22="","",RANK(N22,$N$2:$N$1000))
A23: Derrida hauntology & memory ethics | B23: History of European Ideas | D23: Rejected | E23: 45531 | F23: 45533 | G23: =IF(OR(E23="",J23=0),"",IF(F23<>"",F23-E23,TODAY()-E23)) -> 2 | H23: 46% acceptance | J23: =IF(OR(D23="",D23="Planned"),0,1) -> 1 | K23: =IF(OR(D23="Under review",D23="Revision requested"),1,0) -> 0 | L23: =IF(AND(J23=1,E23<>""),E23+ROW()/100000,"") -> 45531 | M23: =IF(D23="Planned",ROW(),"") | N23: =IF(K23=1,IF(E23="",0,TODAY()-E23)+ROW()/100000,"") | O23: =IF(N23="","",RANK(N23,$N$2:$N$1000))
A24: Derrida hauntology & memory ethics | B24: Qualitative Inquiry (Sage) | C24: Q1, SSCI IF 1.4 | D24: Rejected | E24: 45566 | F24: 45566 | G24: =IF(OR(E24="",J24=0),"",IF(F24<>"",F24-E24,TODAY()-E24)) -> 0 | H24: ~150 papers/yr; 29% acceptance | I24: The Ghosts of Time – Derrida’s Spectral Logic and the Haunting of Historical Presence | J24: =IF(OR(D24="",D24="Planned"),0,1) -> 1 | K24: =IF(OR(D24="Under review",D24="Revision requested"),1,0) -> 0 | L24: =IF(AND(J24=1,E24<>""),E24+ROW()/100000,"") -> 45566 | M24: =IF(D24="Planned",ROW(),"") | N24: =IF(K24=1,IF(E24="",0,TODAY()-E24)+ROW()/100000,"") | O24: =IF(N24="","",RANK(N24,$N$2:$N$1000))
A25: Derrida hauntology & memory ethics | B25: INQUIRY: An Interdisciplinary Journal of Philosophy | C25: SSCI | D25: Rejected | E25: 45567 | F25: 45571 | G25: =IF(OR(E25="",J25=0),"",IF(F25<>"",F25-E25,TODAY()-E25)) -> 4 | H25: 28% acceptance | J25: =IF(OR(D25="",D25="Planned"),0,1) -> 1 | K25: =IF(OR(D25="Under review",D25="Revision requested"),1,0) -> 0 | L25: =IF(AND(J25=1,E25<>""),E25+ROW()/100000,"") -> 45567 | M25: =IF(D25="Planned",ROW(),"") | N25: =IF(K25=1,IF(E25="",0,TODAY()-E25)+ROW()/100000,"") | O25: =IF(N25="","",RANK(N25,$N$2:$N$1000))
A26: Derrida hauntology & memory ethics | B26: Philosophical Explorations | D26: Rejected | E26: 45579 | F26: 45589 | G26: =IF(OR(E26="",J26=0),"",IF(F26<>"",F26-E26,TODAY()-E26)) -> 10 | J26: =IF(OR(D26="",D26="Planned"),0,1) -> 1 | K26: =IF(OR(D26="Under review",D26="Revision requested"),1,0) -> 0 | L26: =IF(AND(J26=1,E26<>""),E26+ROW()/100000,"") -> 45579 | M26: =IF(D26="Planned",ROW(),"") | N26: =IF(K26=1,IF(E26="",0,TODAY()-E26)+ROW()/100000,"") | O26: =IF(N26="","",RANK(N26,$N$2:$N$1000))
A27: Derrida hauntology & memory ethics | B27: Journal of Contemporary European Studies | C27: SSCI | D27: Rejected | E27: 45630 | F27: 45642 | G27: =IF(OR(E27="",J27=0),"",IF(F27<>"",F27-E27,TODAY()-E27)) -> 12 | J27: =IF(OR(D27="",D27="Planned"),0,1) -> 1 | K27: =IF(OR(D27="Under review",D27="Revision requested"),1,0) -> 0 | L27: =IF(AND(J27=1,E27<>""),E27+ROW()/100000,"") -> 45630 | M27: =IF(D27="Planned",ROW(),"") | N27: =IF(K27=1,IF(E27="",0,TODAY()-E27)+ROW()/100000,"") | O27: =IF(N27="","",RANK(N27,$N$2:$N$1000))
A28: Derrida hauntology & memory ethics | B28: Continental Philosophy Review | D28: Rejected | E28: 45667 | F28: 45746 | G28: =IF(OR(E28="",J28=0),"",IF(F28<>"",F28-E28,TODAY()-E28)) -> 79 | J28: =IF(OR(D28="",D28="Planned"),0,1) -> 1 | K28: =IF(OR(D28="Under review",D28="Revision requested"),1,0) -> 0 | L28: =IF(AND(J28=1,E28<>""),E28+ROW()/100000,"") -> 45667 | M28: =IF(D28="Planned",ROW(),"") | N28: =IF(K28=1,IF(E28="",0,TODAY()-E28)+ROW()/100000,"") | O28: =IF(N28="","",RANK(N28,$N$2:$N$1000))
A29: Derrida hauntology & memory ethics | B29: Global Philosophy | D29: Rejected | E29: 45747 | F29: 45752 | G29: =IF(OR(E29="",J29=0),"",IF(F29<>"",F29-E29,TODAY()-E29)) -> 5 | J29: =IF(OR(D29="",D29="Planned"),0,1) -> 1 | K29: =IF(OR(D29="Under review",D29="Revision requested"),1,0) -> 0 | L29: =IF(AND(J29=1,E29<>""),E29+ROW()/100000,"") -> 45747 | M29: =IF(D29="Planned",ROW(),"") | N29: =IF(K29=1,IF(E29="",0,TODAY()-E29)+ROW()/100000,"") | O29: =IF(N29="","",RANK(N29,$N$2:$N$1000))
A30: Derrida hauntology & memory ethics | B30: Memory Studies | C30: Q1 | D30: Rejected | E30: 45754 | F30: 45766 | G30: =IF(OR(E30="",J30=0),"",IF(F30<>"",F30-E30,TODAY()-E30)) -> 12 | H30: ~94 papers/yr | I30: Spectral memory, différance, and the ethics of unfinished histories | J30: =IF(OR(D30="",D30="Planned"),0,1) -> 1 | K30: =IF(OR(D30="Under review",D30="Revision requested"),1,0) -> 0 | L30: =IF(AND(J30=1,E30<>""),E30+ROW()/100000,"") -> 45754 | M30: =IF(D30="Planned",ROW(),"") | N30: =IF(K30=1,IF(E30="",0,TODAY()-E30)+ROW()/100000,"") | O30: =IF(N30="","",RANK(N30,$N$2:$N$1000))
A31: Derrida hauntology & memory ethics | B31: Orbis Litterarum | D31: Rejected | E31: 45754 | F31: 45797 | G31: =IF(OR(E31="",J31=0),"",IF(F31<>"",F31-E31,TODAY()-E31)) -> 43 | J31: =IF(OR(D31="",D31="Planned"),0,1) -> 1 | K31: =IF(OR(D31="Under review",D31="Revision requested"),1,0) -> 0 | L31: =IF(AND(J31=1,E31<>""),E31+ROW()/100000,"") -> 45754 | M31: =IF(D31="Planned",ROW(),"") | N31: =IF(K31=1,IF(E31="",0,TODAY()-E31)+ROW()/100000,"") | O31: =IF(N31="","",RANK(N31,$N$2:$N$1000))
A32: Derrida hauntology & memory ethics | B32: Journal for Cultural Research | C32: Q1 | D32: Rejected | E32: 45768 | F32: 45867 | G32: =IF(OR(E32="",J32=0),"",IF(F32<>"",F32-E32,TODAY()-E32)) -> 99 | H32: Rejected with reviews. ~26 papers/yr. Submitted by Kaushal, S. | J32: =IF(OR(D32="",D32="Planned"),0,1) -> 1 | K32: =IF(OR(D32="Under review",D32="Revision requested"),1,0) -> 0 | L32: =IF(AND(J32=1,E32<>""),E32+ROW()/100000,"") -> 45768 | M32: =IF(D32="Planned",ROW(),"") | N32: =IF(K32=1,IF(E32="",0,TODAY()-E32)+ROW()/100000,"") | O32: =IF(N32="","",RANK(N32,$N$2:$N$1000))
A33: Derrida hauntology & memory ethics | B33: European Journal of Cultural Studies (Sage) | C33: SSCI IF 1.9 | D33: Rejected | E33: 45799 | F33: 45828 | G33: =IF(OR(E33="",J33=0),"",IF(F33<>"",F33-E33,TODAY()-E33)) -> 29 | I33: Spectral memory, différance, and the ethics of unfinished histories | J33: =IF(OR(D33="",D33="Planned"),0,1) -> 1 | K33: =IF(OR(D33="Under review",D33="Revision requested"),1,0) -> 0 | L33: =IF(AND(J33=1,E33<>""),E33+ROW()/100000,"") -> 45799 | M33: =IF(D33="Planned",ROW(),"") | N33: =IF(K33=1,IF(E33="",0,TODAY()-E33)+ROW()/100000,"") | O33: =IF(N33="","",RANK(N33,$N$2:$N$1000))
A34: Derrida hauntology & memory ethics | B34: Theory, Culture and Society | C34: A | D34: Rejected | E34: 45830 | F34: 45863 | G34: =IF(OR(E34="",J34=0),"",IF(F34<>"",F34-E34,TODAY()-E34)) -> 33 | I34: Derrida, Hauntology, and the Temporal Ethics of Memory | J34: =IF(OR(D34="",D34="Planned"),0,1) -> 1 | K34: =IF(OR(D34="Under review",D34="Revision requested"),1,0) -> 0 | L34: =IF(AND(J34=1,E34<>""),E34+ROW()/100000,"") -> 45830 | M34: =IF(D34="Planned",ROW(),"") | N34: =IF(K34=1,IF(E34="",0,TODAY()-E34)+ROW()/100000,"") | O34: =IF(N34="","",RANK(N34,$N$2:$N$1000))
A35: Derrida hauntology & memory ethics | B35: Time and Society | C35: B | D35: Under review | E35: 46289 | G35: =IF(OR(E35="",J35=0),"",IF(F35<>"",F35-E35,TODAY()-E35)) -> 17 | H35: Resubmitted under new title | I35: The Time That Obligates: Derrida, Levinas, and a Hauntological Ethics of Memory | J35: =IF(OR(D35="",D35="Planned"),0,1) -> 1 | K35: =IF(OR(D35="Under review",D35="Revision requested"),1,0) -> 1 | L35: =IF(AND(J35=1,E35<>""),E35+ROW()/100000,"") -> 46289 | M35: =IF(D35="Planned",ROW(),"") | N35: =IF(K35=1,IF(E35="",0,TODAY()-E35)+ROW()/100000,"") -> 17.00035 | O35: =IF(N35="","",RANK(N35,$N$2:$N$1000)) -> 5
A36: Derrida hauntology & memory ethics | B36: Sociological Inquiry (Wiley) | C36: A | D36: Planned | G36: =IF(OR(E36="",J36=0),"",IF(F36<>"",F36-E36,TODAY()-E36)) | H36: 37% acceptance; ~40 papers/yr | J36: =IF(OR(D36="",D36="Planned"),0,1) -> 0 | K36: =IF(OR(D36="Under review",D36="Revision requested"),1,0) -> 0 | L36: =IF(AND(J36=1,E36<>""),E36+ROW()/100000,"") | M36: =IF(D36="Planned",ROW(),"") -> 36 | N36: =IF(K36=1,IF(E36="",0,TODAY()-E36)+ROW()/100000,"") | O36: =IF(N36="","",RANK(N36,$N$2:$N$1000))
A37: Derrida hauntology & memory ethics | B37: Philosophy & Social Criticism | C37: Q1 | D37: Planned | G37: =IF(OR(E37="",J37=0),"",IF(F37<>"",F37-E37,TODAY()-E37)) | H37: ~90 papers/yr | J37: =IF(OR(D37="",D37="Planned"),0,1) -> 0 | K37: =IF(OR(D37="Under review",D37="Revision requested"),1,0) -> 0 | L37: =IF(AND(J37=1,E37<>""),E37+ROW()/100000,"") | M37: =IF(D37="Planned",ROW(),"") -> 37 | N37: =IF(K37=1,IF(E37="",0,TODAY()-E37)+ROW()/100000,"") | O37: =IF(N37="","",RANK(N37,$N$2:$N$1000))
A38: Derrida hauntology & memory ethics | B38: Angelaki | C38: Q1 | D38: Planned | G38: =IF(OR(E38="",J38=0),"",IF(F38<>"",F38-E38,TODAY()-E38)) | H38: ~69 papers/yr | J38: =IF(OR(D38="",D38="Planned"),0,1) -> 0 | K38: =IF(OR(D38="Under review",D38="Revision requested"),1,0) -> 0 | L38: =IF(AND(J38=1,E38<>""),E38+ROW()/100000,"") | M38: =IF(D38="Planned",ROW(),"") -> 38 | N38: =IF(K38=1,IF(E38="",0,TODAY()-E38)+ROW()/100000,"") | O38: =IF(N38="","",RANK(N38,$N$2:$N$1000))
A39: Derrida hauntology & memory ethics | B39: Ethos | D39: Planned | G39: =IF(OR(E39="",J39=0),"",IF(F39<>"",F39-E39,TODAY()-E39)) | H39: 42% acceptance | J39: =IF(OR(D39="",D39="Planned"),0,1) -> 0 | K39: =IF(OR(D39="Under review",D39="Revision requested"),1,0) -> 0 | L39: =IF(AND(J39=1,E39<>""),E39+ROW()/100000,"") | M39: =IF(D39="Planned",ROW(),"") -> 39 | N39: =IF(K39=1,IF(E39="",0,TODAY()-E39)+ROW()/100000,"") | O39: =IF(N39="","",RANK(N39,$N$2:$N$1000))
A40: Derrida hauntology & memory ethics | B40: Theoria | D40: Planned | G40: =IF(OR(E40="",J40=0),"",IF(F40<>"",F40-E40,TODAY()-E40)) | H40: 28% acceptance | J40: =IF(OR(D40="",D40="Planned"),0,1) -> 0 | K40: =IF(OR(D40="Under review",D40="Revision requested"),1,0) -> 0 | L40: =IF(AND(J40=1,E40<>""),E40+ROW()/100000,"") | M40: =IF(D40="Planned",ROW(),"") -> 40 | N40: =IF(K40=1,IF(E40="",0,TODAY()-E40)+ROW()/100000,"") | O40: =IF(N40="","",RANK(N40,$N$2:$N$1000))
A41: Derrida hauntology & memory ethics | B41: The Southern Journal of Philosophy | D41: Planned | G41: =IF(OR(E41="",J41=0),"",IF(F41<>"",F41-E41,TODAY()-E41)) | H41: 22% acceptance | J41: =IF(OR(D41="",D41="Planned"),0,1) -> 0 | K41: =IF(OR(D41="Under review",D41="Revision requested"),1,0) -> 0 | L41: =IF(AND(J41=1,E41<>""),E41+ROW()/100000,"") | M41: =IF(D41="Planned",ROW(),"") -> 41 | N41: =IF(K41=1,IF(E41="",0,TODAY()-E41)+ROW()/100000,"") | O41: =IF(N41="","",RANK(N41,$N$2:$N$1000))
A42: Derrida hauntology & memory ethics | B42: Journal of Social Philosophy | C42: SSCI | D42: Planned | G42: =IF(OR(E42="",J42=0),"",IF(F42<>"",F42-E42,TODAY()-E42)) | H42: 17% acceptance | J42: =IF(OR(D42="",D42="Planned"),0,1) -> 0 | K42: =IF(OR(D42="Under review",D42="Revision requested"),1,0) -> 0 | L42: =IF(AND(J42=1,E42<>""),E42+ROW()/100000,"") | M42: =IF(D42="Planned",ROW(),"") -> 42 | N42: =IF(K42=1,IF(E42="",0,TODAY()-E42)+ROW()/100000,"") | O42: =IF(N42="","",RANK(N42,$N$2:$N$1000))
A43: Derrida hauntology & memory ethics | B43: Theoretical Studies in Literature and Art | C43: Q2 | D43: Planned | G43: =IF(OR(E43="",J43=0),"",IF(F43<>"",F43-E43,TODAY()-E43)) | J43: =IF(OR(D43="",D43="Planned"),0,1) -> 0 | K43: =IF(OR(D43="Under review",D43="Revision requested"),1,0) -> 0 | L43: =IF(AND(J43=1,E43<>""),E43+ROW()/100000,"") | M43: =IF(D43="Planned",ROW(),"") -> 43 | N43: =IF(K43=1,IF(E43="",0,TODAY()-E43)+ROW()/100000,"") | O43: =IF(N43="","",RANK(N43,$N$2:$N$1000))
A44: Derrida hauntology & memory ethics | B44: Conatus – Journal of Philosophy | C44: Q2 | D44: Planned | G44: =IF(OR(E44="",J44=0),"",IF(F44<>"",F44-E44,TODAY()-E44)) | H44: ~40 papers/yr | J44: =IF(OR(D44="",D44="Planned"),0,1) -> 0 | K44: =IF(OR(D44="Under review",D44="Revision requested"),1,0) -> 0 | L44: =IF(AND(J44=1,E44<>""),E44+ROW()/100000,"") | M44: =IF(D44="Planned",ROW(),"") -> 44 | N44: =IF(K44=1,IF(E44="",0,TODAY()-E44)+ROW()/100000,"") | O44: =IF(N44="","",RANK(N44,$N$2:$N$1000))
A45: Derrida hauntology & memory ethics | B45: Oxford Literary Review | C45: Q4 | D45: Planned | G45: =IF(OR(E45="",J45=0),"",IF(F45<>"",F45-E45,TODAY()-E45)) | J45: =IF(OR(D45="",D45="Planned"),0,1) -> 0 | K45: =IF(OR(D45="Under review",D45="Revision requested"),1,0) -> 0 | L45: =IF(AND(J45=1,E45<>""),E45+ROW()/100000,"") | M45: =IF(D45="Planned",ROW(),"") -> 45 | N45: =IF(K45=1,IF(E45="",0,TODAY()-E45)+ROW()/100000,"") | O45: =IF(N45="","",RANK(N45,$N$2:$N$1000))
A46: Derrida hauntology & memory ethics | B46: The Sociological Review | C46: A | D46: Planned | G46: =IF(OR(E46="",J46=0),"",IF(F46<>"",F46-E46,TODAY()-E46)) | J46: =IF(OR(D46="",D46="Planned"),0,1) -> 0 | K46: =IF(OR(D46="Under review",D46="Revision requested"),1,0) -> 0 | L46: =IF(AND(J46=1,E46<>""),E46+ROW()/100000,"") | M46: =IF(D46="Planned",ROW(),"") -> 46 | N46: =IF(K46=1,IF(E46="",0,TODAY()-E46)+ROW()/100000,"") | O46: =IF(N46="","",RANK(N46,$N$2:$N$1000))
A47: Derrida hauntology & memory ethics | B47: Social Science Information | C47: C | D47: Planned | G47: =IF(OR(E47="",J47=0),"",IF(F47<>"",F47-E47,TODAY()-E47)) | J47: =IF(OR(D47="",D47="Planned"),0,1) -> 0 | K47: =IF(OR(D47="Under review",D47="Revision requested"),1,0) -> 0 | L47: =IF(AND(J47=1,E47<>""),E47+ROW()/100000,"") | M47: =IF(D47="Planned",ROW(),"") -> 47 | N47: =IF(K47=1,IF(E47="",0,TODAY()-E47)+ROW()/100000,"") | O47: =IF(N47="","",RANK(N47,$N$2:$N$1000))
A48: Derrida hauntology & memory ethics | B48: Contemporary Sociology | C48: C | D48: Planned | G48: =IF(OR(E48="",J48=0),"",IF(F48<>"",F48-E48,TODAY()-E48)) | J48: =IF(OR(D48="",D48="Planned"),0,1) -> 0 | K48: =IF(OR(D48="Under review",D48="Revision requested"),1,0) -> 0 | L48: =IF(AND(J48=1,E48<>""),E48+ROW()/100000,"") | M48: =IF(D48="Planned",ROW(),"") -> 48 | N48: =IF(K48=1,IF(E48="",0,TODAY()-E48)+ROW()/100000,"") | O48: =IF(N48="","",RANK(N48,$N$2:$N$1000))
A49: Derrida hauntology & memory ethics | B49: The Social Science Journal | C49: C | D49: Planned | G49: =IF(OR(E49="",J49=0),"",IF(F49<>"",F49-E49,TODAY()-E49)) | J49: =IF(OR(D49="",D49="Planned"),0,1) -> 0 | K49: =IF(OR(D49="Under review",D49="Revision requested"),1,0) -> 0 | L49: =IF(AND(J49=1,E49<>""),E49+ROW()/100000,"") | M49: =IF(D49="Planned",ROW(),"") -> 49 | N49: =IF(K49=1,IF(E49="",0,TODAY()-E49)+ROW()/100000,"") | O49: =IF(N49="","",RANK(N49,$N$2:$N$1000))
A50: Derrida hauntology & memory ethics | B50: History and Theory | D50: Planned | G50: =IF(OR(E50="",J50=0),"",IF(F50<>"",F50-E50,TODAY()-E50)) | J50: =IF(OR(D50="",D50="Planned"),0,1) -> 0 | K50: =IF(OR(D50="Under review",D50="Revision requested"),1,0) -> 0 | L50: =IF(AND(J50=1,E50<>""),E50+ROW()/100000,"") | M50: =IF(D50="Planned",ROW(),"") -> 50 | N50: =IF(K50=1,IF(E50="",0,TODAY()-E50)+ROW()/100000,"") | O50: =IF(N50="","",RANK(N50,$N$2:$N$1000))
A51: Derrida hauntology & memory ethics | B51: Human Studies | D51: Planned | G51: =IF(OR(E51="",J51=0),"",IF(F51<>"",F51-E51,TODAY()-E51)) | J51: =IF(OR(D51="",D51="Planned"),0,1) -> 0 | K51: =IF(OR(D51="Under review",D51="Revision requested"),1,0) -> 0 | L51: =IF(AND(J51=1,E51<>""),E51+ROW()/100000,"") | M51: =IF(D51="Planned",ROW(),"") -> 51 | N51: =IF(K51=1,IF(E51="",0,TODAY()-E51)+ROW()/100000,"") | O51: =IF(N51="","",RANK(N51,$N$2:$N$1000))
A52: Derrida hauntology & memory ethics | B52: Studies in East European Thought | D52: Planned | G52: =IF(OR(E52="",J52=0),"",IF(F52<>"",F52-E52,TODAY()-E52)) | J52: =IF(OR(D52="",D52="Planned"),0,1) -> 0 | K52: =IF(OR(D52="Under review",D52="Revision requested"),1,0) -> 0 | L52: =IF(AND(J52=1,E52<>""),E52+ROW()/100000,"") | M52: =IF(D52="Planned",ROW(),"") -> 52 | N52: =IF(K52=1,IF(E52="",0,TODAY()-E52)+ROW()/100000,"") | O52: =IF(N52="","",RANK(N52,$N$2:$N$1000))
A53: Derrida hauntology & memory ethics | B53: Social Semiotics | D53: Planned | G53: =IF(OR(E53="",J53=0),"",IF(F53<>"",F53-E53,TODAY()-E53)) | J53: =IF(OR(D53="",D53="Planned"),0,1) -> 0 | K53: =IF(OR(D53="Under review",D53="Revision requested"),1,0) -> 0 | L53: =IF(AND(J53=1,E53<>""),E53+ROW()/100000,"") | M53: =IF(D53="Planned",ROW(),"") -> 53 | N53: =IF(K53=1,IF(E53="",0,TODAY()-E53)+ROW()/100000,"") | O53: =IF(N53="","",RANK(N53,$N$2:$N$1000))
A54: Derrida hauntology & memory ethics | B54: Journal of the Philosophy of History | D54: Planned | G54: =IF(OR(E54="",J54=0),"",IF(F54<>"",F54-E54,TODAY()-E54)) | J54: =IF(OR(D54="",D54="Planned"),0,1) -> 0 | K54: =IF(OR(D54="Under review",D54="Revision requested"),1,0) -> 0 | L54: =IF(AND(J54=1,E54<>""),E54+ROW()/100000,"") | M54: =IF(D54="Planned",ROW(),"") -> 54 | N54: =IF(K54=1,IF(E54="",0,TODAY()-E54)+ROW()/100000,"") | O54: =IF(N54="","",RANK(N54,$N$2:$N$1000))
A55: Derrida hauntology & memory ethics | B55: History & Memory | D55: Planned | G55: =IF(OR(E55="",J55=0),"",IF(F55<>"",F55-E55,TODAY()-E55)) | J55: =IF(OR(D55="",D55="Planned"),0,1) -> 0 | K55: =IF(OR(D55="Under review",D55="Revision requested"),1,0) -> 0 | L55: =IF(AND(J55=1,E55<>""),E55+ROW()/100000,"") | M55: =IF(D55="Planned",ROW(),"") -> 55 | N55: =IF(K55=1,IF(E55="",0,TODAY()-E55)+ROW()/100000,"") | O55: =IF(N55="","",RANK(N55,$N$2:$N$1000))
A56: Derrida hauntology & memory ethics | B56: Journal of Philosophical Research (pdcnet.org/jpr) | D56: Planned | G56: =IF(OR(E56="",J56=0),"",IF(F56<>"",F56-E56,TODAY()-E56)) | J56: =IF(OR(D56="",D56="Planned"),0,1) -> 0 | K56: =IF(OR(D56="Under review",D56="Revision requested"),1,0) -> 0 | L56: =IF(AND(J56=1,E56<>""),E56+ROW()/100000,"") | M56: =IF(D56="Planned",ROW(),"") -> 56 | N56: =IF(K56=1,IF(E56="",0,TODAY()-E56)+ROW()/100000,"") | O56: =IF(N56="","",RANK(N56,$N$2:$N$1000))
A57: Derrida hauntology & memory ethics | B57: Asian Journal of Philosophy | D57: Planned | G57: =IF(OR(E57="",J57=0),"",IF(F57<>"",F57-E57,TODAY()-E57)) | J57: =IF(OR(D57="",D57="Planned"),0,1) -> 0 | K57: =IF(OR(D57="Under review",D57="Revision requested"),1,0) -> 0 | L57: =IF(AND(J57=1,E57<>""),E57+ROW()/100000,"") | M57: =IF(D57="Planned",ROW(),"") -> 57 | N57: =IF(K57=1,IF(E57="",0,TODAY()-E57)+ROW()/100000,"") | O57: =IF(N57="","",RANK(N57,$N$2:$N$1000))
A58: Derrida hauntology & memory ethics | B58: Rethinking History | C58: SSCI IF 1 | D58: Planned | G58: =IF(OR(E58="",J58=0),"",IF(F58<>"",F58-E58,TODAY()-E58)) | J58: =IF(OR(D58="",D58="Planned"),0,1) -> 0 | K58: =IF(OR(D58="Under review",D58="Revision requested"),1,0) -> 0 | L58: =IF(AND(J58=1,E58<>""),E58+ROW()/100000,"") | M58: =IF(D58="Planned",ROW(),"") -> 58 | N58: =IF(K58=1,IF(E58="",0,TODAY()-E58)+ROW()/100000,"") | O58: =IF(N58="","",RANK(N58,$N$2:$N$1000))
A59: Cockroach Spoke Back (Instagram, irony) | B59: EPW: Engage | D59: Rejected | E59: 46178 | F59: 46198 | G59: =IF(OR(E59="",J59=0),"",IF(F59<>"",F59-E59,TODAY()-E59)) -> 20 | I59: When the Cockroach Spoke Back: Instagram, Irony and Youth Politics in India | J59: =IF(OR(D59="",D59="Planned"),0,1) -> 1 | K59: =IF(OR(D59="Under review",D59="Revision requested"),1,0) -> 0 | L59: =IF(AND(J59=1,E59<>""),E59+ROW()/100000,"") -> 46178.001 | M59: =IF(D59="Planned",ROW(),"") | N59: =IF(K59=1,IF(E59="",0,TODAY()-E59)+ROW()/100000,"") | O59: =IF(N59="","",RANK(N59,$N$2:$N$1000))
A60: Cockroach Spoke Back (Instagram, irony) | B60: Media, Culture & Society | C60: B | D60: Rejected | E60: 46200 | F60: 46204 | G60: =IF(OR(E60="",J60=0),"",IF(F60<>"",F60-E60,TODAY()-E60)) -> 4 | I60: When the Cockroach Spoke Back: Satirical Citizenship, Irony, and the Limits of Platform Politics | J60: =IF(OR(D60="",D60="Planned"),0,1) -> 1 | K60: =IF(OR(D60="Under review",D60="Revision requested"),1,0) -> 0 | L60: =IF(AND(J60=1,E60<>""),E60+ROW()/100000,"") -> 46200.001 | M60: =IF(D60="Planned",ROW(),"") | N60: =IF(K60=1,IF(E60="",0,TODAY()-E60)+ROW()/100000,"") | O60: =IF(N60="","",RANK(N60,$N$2:$N$1000))
A61: Cockroaches, Not Citizens (CDA) | B61: Discourse & Society | C61: A | D61: Rejected | E61: 46295 | F61: 46295 | G61: =IF(OR(E61="",J61=0),"",IF(F61<>"",F61-E61,TODAY()-E61)) -> 0 | J61: =IF(OR(D61="",D61="Planned"),0,1) -> 1 | K61: =IF(OR(D61="Under review",D61="Revision requested"),1,0) -> 0 | L61: =IF(AND(J61=1,E61<>""),E61+ROW()/100000,"") -> 46295.001 | M61: =IF(D61="Planned",ROW(),"") | N61: =IF(K61=1,IF(E61="",0,TODAY()-E61)+ROW()/100000,"") | O61: =IF(N61="","",RANK(N61,$N$2:$N$1000))
A62: Cockroaches, Not Citizens (CDA) | B62: Information, Communication & Society | C62: A | D62: Rejected | E62: 46296 | F62: 46299 | G62: =IF(OR(E62="",J62=0),"",IF(F62<>"",F62-E62,TODAY()-E62)) -> 3 | J62: =IF(OR(D62="",D62="Planned"),0,1) -> 1 | K62: =IF(OR(D62="Under review",D62="Revision requested"),1,0) -> 0 | L62: =IF(AND(J62=1,E62<>""),E62+ROW()/100000,"") -> 46296.001 | M62: =IF(D62="Planned",ROW(),"") | N62: =IF(K62=1,IF(E62="",0,TODAY()-E62)+ROW()/100000,"") | O62: =IF(N62="","",RANK(N62,$N$2:$N$1000))
A63: Cockroaches, Not Citizens (CDA) | B63: Discourse & Communication | C63: A | D63: Under review | E63: 46300 | G63: =IF(OR(E63="",J63=0),"",IF(F63<>"",F63-E63,TODAY()-E63)) -> 6 | J63: =IF(OR(D63="",D63="Planned"),0,1) -> 1 | K63: =IF(OR(D63="Under review",D63="Revision requested"),1,0) -> 1 | L63: =IF(AND(J63=1,E63<>""),E63+ROW()/100000,"") -> 46300.001 | M63: =IF(D63="Planned",ROW(),"") | N63: =IF(K63=1,IF(E63="",0,TODAY()-E63)+ROW()/100000,"") -> 6.00063 | O63: =IF(N63="","",RANK(N63,$N$2:$N$1000)) -> 8
A64: Cockroaches, Not Citizens (CDA) | B64: Alternatives: Global, Local, Political | C64: A | D64: Planned | G64: =IF(OR(E64="",J64=0),"",IF(F64<>"",F64-E64,TODAY()-E64)) | J64: =IF(OR(D64="",D64="Planned"),0,1) -> 0 | K64: =IF(OR(D64="Under review",D64="Revision requested"),1,0) -> 0 | L64: =IF(AND(J64=1,E64<>""),E64+ROW()/100000,"") | M64: =IF(D64="Planned",ROW(),"") -> 64 | N64: =IF(K64=1,IF(E64="",0,TODAY()-E64)+ROW()/100000,"") | O64: =IF(N64="","",RANK(N64,$N$2:$N$1000))
A65: Cockroaches, Not Citizens (CDA) | B65: Political Communication | D65: Planned | G65: =IF(OR(E65="",J65=0),"",IF(F65<>"",F65-E65,TODAY()-E65)) | J65: =IF(OR(D65="",D65="Planned"),0,1) -> 0 | K65: =IF(OR(D65="Under review",D65="Revision requested"),1,0) -> 0 | L65: =IF(AND(J65=1,E65<>""),E65+ROW()/100000,"") | M65: =IF(D65="Planned",ROW(),"") -> 65 | N65: =IF(K65=1,IF(E65="",0,TODAY()-E65)+ROW()/100000,"") | O65: =IF(N65="","",RANK(N65,$N$2:$N$1000))
A66: Cockroaches, Not Citizens (CDA) | B66: Journal of Communication | C66: A | D66: Planned | G66: =IF(OR(E66="",J66=0),"",IF(F66<>"",F66-E66,TODAY()-E66)) | J66: =IF(OR(D66="",D66="Planned"),0,1) -> 0 | K66: =IF(OR(D66="Under review",D66="Revision requested"),1,0) -> 0 | L66: =IF(AND(J66=1,E66<>""),E66+ROW()/100000,"") | M66: =IF(D66="Planned",ROW(),"") -> 66 | N66: =IF(K66=1,IF(E66="",0,TODAY()-E66)+ROW()/100000,"") | O66: =IF(N66="","",RANK(N66,$N$2:$N$1000))
A67: Distributed securitization (India SIR) | B67: Security Studies | C67: A | D67: Planned | G67: =IF(OR(E67="",J67=0),"",IF(F67<>"",F67-E67,TODAY()-E67)) | H67: Highlighted yellow in the old sheet with no date. If already submitted, change status and add date. | J67: =IF(OR(D67="",D67="Planned"),0,1) -> 0 | K67: =IF(OR(D67="Under review",D67="Revision requested"),1,0) -> 0 | L67: =IF(AND(J67=1,E67<>""),E67+ROW()/100000,"") | M67: =IF(D67="Planned",ROW(),"") -> 67 | N67: =IF(K67=1,IF(E67="",0,TODAY()-E67)+ROW()/100000,"") | O67: =IF(N67="","",RANK(N67,$N$2:$N$1000))
A68: Bullshit without a bullshitter (GenAI) | B68: Academy of Management Review | C68: FT50 | D68: Rejected | E68: 46300 | F68: 46301 | G68: =IF(OR(E68="",J68=0),"",IF(F68<>"",F68-E68,TODAY()-E68)) -> 1 | H68: Outcome date not in old sheet; assumed 6 Oct when the next submission started | J68: =IF(OR(D68="",D68="Planned"),0,1) -> 1 | K68: =IF(OR(D68="Under review",D68="Revision requested"),1,0) -> 0 | L68: =IF(AND(J68=1,E68<>""),E68+ROW()/100000,"") -> 46300.001 | M68: =IF(D68="Planned",ROW(),"") | N68: =IF(K68=1,IF(E68="",0,TODAY()-E68)+ROW()/100000,"") | O68: =IF(N68="","",RANK(N68,$N$2:$N$1000))
A69: Bullshit without a bullshitter (GenAI) | B69: Journal of Management Studies | C69: FT50 | D69: Under review | E69: 46301 | G69: =IF(OR(E69="",J69=0),"",IF(F69<>"",F69-E69,TODAY()-E69)) -> 5 | J69: =IF(OR(D69="",D69="Planned"),0,1) -> 1 | K69: =IF(OR(D69="Under review",D69="Revision requested"),1,0) -> 1 | L69: =IF(AND(J69=1,E69<>""),E69+ROW()/100000,"") -> 46301.001 | M69: =IF(D69="Planned",ROW(),"") | N69: =IF(K69=1,IF(E69="",0,TODAY()-E69)+ROW()/100000,"") -> 5.00069 | O69: =IF(N69="","",RANK(N69,$N$2:$N$1000)) -> 9
A70: Bullshit without a bullshitter (GenAI) | B70: Human Relations | C70: A* | D70: Planned | G70: =IF(OR(E70="",J70=0),"",IF(F70<>"",F70-E70,TODAY()-E70)) | J70: =IF(OR(D70="",D70="Planned"),0,1) -> 0 | K70: =IF(OR(D70="Under review",D70="Revision requested"),1,0) -> 0 | L70: =IF(AND(J70=1,E70<>""),E70+ROW()/100000,"") | M70: =IF(D70="Planned",ROW(),"") -> 70 | N70: =IF(K70=1,IF(E70="",0,TODAY()-E70)+ROW()/100000,"") | O70: =IF(N70="","",RANK(N70,$N$2:$N$1000))
A71: From Devta to Musafir (EPW) | B71: EPW: Postscript | D71: Rejected | E71: 46258 | F71: 46298 | G71: =IF(OR(E71="",J71=0),"",IF(F71<>"",F71-E71,TODAY()-E71)) -> 40 | J71: =IF(OR(D71="",D71="Planned"),0,1) -> 1 | K71: =IF(OR(D71="Under review",D71="Revision requested"),1,0) -> 0 | L71: =IF(AND(J71=1,E71<>""),E71+ROW()/100000,"") -> 46258.001 | M71: =IF(D71="Planned",ROW(),"") | N71: =IF(K71=1,IF(E71="",0,TODAY()-E71)+ROW()/100000,"") | O71: =IF(N71="","",RANK(N71,$N$2:$N$1000))
A72: Algorithmic silence & org. power | B72: Organization Studies | C72: A* | D72: Rejected | E72: 45774 | F72: 45853 | G72: =IF(OR(E72="",J72=0),"",IF(F72<>"",F72-E72,TODAY()-E72)) -> 79 | I72: The algorithmic vernacular: how AI co-authors organizational language | J72: =IF(OR(D72="",D72="Planned"),0,1) -> 1 | K72: =IF(OR(D72="Under review",D72="Revision requested"),1,0) -> 0 | L72: =IF(AND(J72=1,E72<>""),E72+ROW()/100000,"") -> 45774.001 | M72: =IF(D72="Planned",ROW(),"") | N72: =IF(K72=1,IF(E72="",0,TODAY()-E72)+ROW()/100000,"") | O72: =IF(N72="","",RANK(N72,$N$2:$N$1000))
A73: Algorithmic silence & org. power | B73: Organization Studies | C73: A* | D73: Rejected | E73: 45842 | F73: 45853 | G73: =IF(OR(E73="",J73=0),"",IF(F73<>"",F73-E73,TODAY()-E73)) -> 11 | H73: Overlaps with the row above in the old sheet | J73: =IF(OR(D73="",D73="Planned"),0,1) -> 1 | K73: =IF(OR(D73="Under review",D73="Revision requested"),1,0) -> 0 | L73: =IF(AND(J73=1,E73<>""),E73+ROW()/100000,"") -> 45842.001 | M73: =IF(D73="Planned",ROW(),"") | N73: =IF(K73=1,IF(E73="",0,TODAY()-E73)+ROW()/100000,"") | O73: =IF(N73="","",RANK(N73,$N$2:$N$1000))
A74: Algorithmic silence & org. power | B74: Theory, Culture and Society | C74: A | D74: Rejected | E74: 45853 | F74: 46036 | G74: =IF(OR(E74="",J74=0),"",IF(F74<>"",F74-E74,TODAY()-E74)) -> 183 | H74: Rejected with 3 reviews | J74: =IF(OR(D74="",D74="Planned"),0,1) -> 1 | K74: =IF(OR(D74="Under review",D74="Revision requested"),1,0) -> 0 | L74: =IF(AND(J74=1,E74<>""),E74+ROW()/100000,"") -> 45853.001 | M74: =IF(D74="Planned",ROW(),"") | N74: =IF(K74=1,IF(E74="",0,TODAY()-E74)+ROW()/100000,"") | O74: =IF(N74="","",RANK(N74,$N$2:$N$1000))
A75: Algorithmic silence & org. power | B75: Organization: the critical journal of organization, theory and society | C75: A | D75: Returned by office | E75: 46037 | F75: 46042 | G75: =IF(OR(E75="",J75=0),"",IF(F75<>"",F75-E75,TODAY()-E75)) -> 5 | H75: Returned due to cover letter | J75: =IF(OR(D75="",D75="Planned"),0,1) -> 1 | K75: =IF(OR(D75="Under review",D75="Revision requested"),1,0) -> 0 | L75: =IF(AND(J75=1,E75<>""),E75+ROW()/100000,"") -> 46037.001 | M75: =IF(D75="Planned",ROW(),"") | N75: =IF(K75=1,IF(E75="",0,TODAY()-E75)+ROW()/100000,"") | O75: =IF(N75="","",RANK(N75,$N$2:$N$1000))
A76: Algorithmic silence & org. power | B76: Organization: the critical journal of organization, theory and society | C76: A | D76: Rejected | E76: 46042 | F76: 46063 | G76: =IF(OR(E76="",J76=0),"",IF(F76<>"",F76-E76,TODAY()-E76)) -> 21 | J76: =IF(OR(D76="",D76="Planned"),0,1) -> 1 | K76: =IF(OR(D76="Under review",D76="Revision requested"),1,0) -> 0 | L76: =IF(AND(J76=1,E76<>""),E76+ROW()/100000,"") -> 46042.001 | M76: =IF(D76="Planned",ROW(),"") | N76: =IF(K76=1,IF(E76="",0,TODAY()-E76)+ROW()/100000,"") | O76: =IF(N76="","",RANK(N76,$N$2:$N$1000))
A77: Algorithmic silence & org. power | B77: Information and Organization | C77: A | D77: Rejected | E77: 46063 | F77: 46077 | G77: =IF(OR(E77="",J77=0),"",IF(F77<>"",F77-E77,TODAY()-E77)) -> 14 | J77: =IF(OR(D77="",D77="Planned"),0,1) -> 1 | K77: =IF(OR(D77="Under review",D77="Revision requested"),1,0) -> 0 | L77: =IF(AND(J77=1,E77<>""),E77+ROW()/100000,"") -> 46063.001 | M77: =IF(D77="Planned",ROW(),"") | N77: =IF(K77=1,IF(E77="",0,TODAY()-E77)+ROW()/100000,"") | O77: =IF(N77="","",RANK(N77,$N$2:$N$1000))
A78: Algorithmic silence & org. power | B78: Qualitative Research in Organizations and Management | C78: B | D78: Rejected | E78: 46063 | F78: 46132 | G78: =IF(OR(E78="",J78=0),"",IF(F78<>"",F78-E78,TODAY()-E78)) -> 69 | H78: Passed initial checks 13-Feb; reviews received at editor’s office 4-Apr; rejected with reviews | J78: =IF(OR(D78="",D78="Planned"),0,1) -> 1 | K78: =IF(OR(D78="Under review",D78="Revision requested"),1,0) -> 0 | L78: =IF(AND(J78=1,E78<>""),E78+ROW()/100000,"") -> 46063.001 | M78: =IF(D78="Planned",ROW(),"") | N78: =IF(K78=1,IF(E78="",0,TODAY()-E78)+ROW()/100000,"") | O78: =IF(N78="","",RANK(N78,$N$2:$N$1000))
A79: Algorithmic silence & org. power | B79: Organization Theory | C79: A | D79: Under review | E79: 46153 | G79: =IF(OR(E79="",J79=0),"",IF(F79<>"",F79-E79,TODAY()-E79)) -> 153 | J79: =IF(OR(D79="",D79="Planned"),0,1) -> 1 | K79: =IF(OR(D79="Under review",D79="Revision requested"),1,0) -> 1 | L79: =IF(AND(J79=1,E79<>""),E79+ROW()/100000,"") -> 46153.001 | M79: =IF(D79="Planned",ROW(),"") | N79: =IF(K79=1,IF(E79="",0,TODAY()-E79)+ROW()/100000,"") -> 153.00079 | O79: =IF(N79="","",RANK(N79,$N$2:$N$1000)) -> 3
A80: Algorithmic silence & org. power | B80: Media, Culture & Society | C80: B | D80: Planned | G80: =IF(OR(E80="",J80=0),"",IF(F80<>"",F80-E80,TODAY()-E80)) | J80: =IF(OR(D80="",D80="Planned"),0,1) -> 0 | K80: =IF(OR(D80="Under review",D80="Revision requested"),1,0) -> 0 | L80: =IF(AND(J80=1,E80<>""),E80+ROW()/100000,"") | M80: =IF(D80="Planned",ROW(),"") -> 80 | N80: =IF(K80=1,IF(E80="",0,TODAY()-E80)+ROW()/100000,"") | O80: =IF(N80="","",RANK(N80,$N$2:$N$1000))
A81: Algorithmic silence & org. power | B81: Research in the Sociology of Organizations | C81: B | D81: Planned | G81: =IF(OR(E81="",J81=0),"",IF(F81<>"",F81-E81,TODAY()-E81)) | J81: =IF(OR(D81="",D81="Planned"),0,1) -> 0 | K81: =IF(OR(D81="Under review",D81="Revision requested"),1,0) -> 0 | L81: =IF(AND(J81=1,E81<>""),E81+ROW()/100000,"") | M81: =IF(D81="Planned",ROW(),"") -> 81 | N81: =IF(K81=1,IF(E81="",0,TODAY()-E81)+ROW()/100000,"") | O81: =IF(N81="","",RANK(N81,$N$2:$N$1000))
A82: Algorithmic silence & org. power | B82: New Technology, Work and Employment | C82: A | D82: Planned | G82: =IF(OR(E82="",J82=0),"",IF(F82<>"",F82-E82,TODAY()-E82)) | J82: =IF(OR(D82="",D82="Planned"),0,1) -> 0 | K82: =IF(OR(D82="Under review",D82="Revision requested"),1,0) -> 0 | L82: =IF(AND(J82=1,E82<>""),E82+ROW()/100000,"") | M82: =IF(D82="Planned",ROW(),"") -> 82 | N82: =IF(K82=1,IF(E82="",0,TODAY()-E82)+ROW()/100000,"") | O82: =IF(N82="","",RANK(N82,$N$2:$N$1000))
A83: Algorithmic silence & org. power | B83: Information and Organization | C83: A* | D83: Planned | G83: =IF(OR(E83="",J83=0),"",IF(F83<>"",F83-E83,TODAY()-E83)) | H83: Already tried Feb-26 (rejected). Listed again in old sheet; check. | J83: =IF(OR(D83="",D83="Planned"),0,1) -> 0 | K83: =IF(OR(D83="Under review",D83="Revision requested"),1,0) -> 0 | L83: =IF(AND(J83=1,E83<>""),E83+ROW()/100000,"") | M83: =IF(D83="Planned",ROW(),"") -> 83 | N83: =IF(K83=1,IF(E83="",0,TODAY()-E83)+ROW()/100000,"") | O83: =IF(N83="","",RANK(N83,$N$2:$N$1000))
A84: Algorithmic silence & org. power | B84: Journal of Management Inquiry | C84: A | D84: Planned | G84: =IF(OR(E84="",J84=0),"",IF(F84<>"",F84-E84,TODAY()-E84)) | J84: =IF(OR(D84="",D84="Planned"),0,1) -> 0 | K84: =IF(OR(D84="Under review",D84="Revision requested"),1,0) -> 0 | L84: =IF(AND(J84=1,E84<>""),E84+ROW()/100000,"") | M84: =IF(D84="Planned",ROW(),"") -> 84 | N84: =IF(K84=1,IF(E84="",0,TODAY()-E84)+ROW()/100000,"") | O84: =IF(N84="","",RANK(N84,$N$2:$N$1000))
A85: Algorithmic silence & org. power | B85: Culture and Organization | C85: B | D85: Planned | G85: =IF(OR(E85="",J85=0),"",IF(F85<>"",F85-E85,TODAY()-E85)) | J85: =IF(OR(D85="",D85="Planned"),0,1) -> 0 | K85: =IF(OR(D85="Under review",D85="Revision requested"),1,0) -> 0 | L85: =IF(AND(J85=1,E85<>""),E85+ROW()/100000,"") | M85: =IF(D85="Planned",ROW(),"") -> 85 | N85: =IF(K85=1,IF(E85="",0,TODAY()-E85)+ROW()/100000,"") | O85: =IF(N85="","",RANK(N85,$N$2:$N$1000))
A86: Algorithmic silence & org. power | B86: Human Relations | C86: A* | D86: Planned | G86: =IF(OR(E86="",J86=0),"",IF(F86<>"",F86-E86,TODAY()-E86)) | J86: =IF(OR(D86="",D86="Planned"),0,1) -> 0 | K86: =IF(OR(D86="Under review",D86="Revision requested"),1,0) -> 0 | L86: =IF(AND(J86=1,E86<>""),E86+ROW()/100000,"") | M86: =IF(D86="Planned",ROW(),"") -> 86 | N86: =IF(K86=1,IF(E86="",0,TODAY()-E86)+ROW()/100000,"") | O86: =IF(N86="","",RANK(N86,$N$2:$N$1000))
A87: Algorithmic silence & org. power | B87: Journal of Management Studies | C87: FT50 | D87: Planned | G87: =IF(OR(E87="",J87=0),"",IF(F87<>"",F87-E87,TODAY()-E87)) | J87: =IF(OR(D87="",D87="Planned"),0,1) -> 0 | K87: =IF(OR(D87="Under review",D87="Revision requested"),1,0) -> 0 | L87: =IF(AND(J87=1,E87<>""),E87+ROW()/100000,"") | M87: =IF(D87="Planned",ROW(),"") -> 87 | N87: =IF(K87=1,IF(E87="",0,TODAY()-E87)+ROW()/100000,"") | O87: =IF(N87="","",RANK(N87,$N$2:$N$1000))
A88: Algorithmic silence & org. power | B88: Academy of Management Review | C88: FT50 | D88: Planned | G88: =IF(OR(E88="",J88=0),"",IF(F88<>"",F88-E88,TODAY()-E88)) | J88: =IF(OR(D88="",D88="Planned"),0,1) -> 0 | K88: =IF(OR(D88="Under review",D88="Revision requested"),1,0) -> 0 | L88: =IF(AND(J88=1,E88<>""),E88+ROW()/100000,"") | M88: =IF(D88="Planned",ROW(),"") -> 88 | N88: =IF(K88=1,IF(E88="",0,TODAY()-E88)+ROW()/100000,"") | O88: =IF(N88="","",RANK(N88,$N$2:$N$1000))
A89: Intentional tacit knowledge hiding (Malawi) | B89: Knowledge Management Research & Practice | C89: A | D89: Rejected | E89: 45419 | F89: 45612 | G89: =IF(OR(E89="",J89=0),"",IF(F89<>"",F89-E89,TODAY()-E89)) -> 193 | H89: Old sheet: out for review to 10-Jul-24, then ‘Reviews for revision’ to 16-Nov-24. Check final outcome. ~70 papers/yr | J89: =IF(OR(D89="",D89="Planned"),0,1) -> 1 | K89: =IF(OR(D89="Under review",D89="Revision requested"),1,0) -> 0 | L89: =IF(AND(J89=1,E89<>""),E89+ROW()/100000,"") -> 45419.001 | M89: =IF(D89="Planned",ROW(),"") | N89: =IF(K89=1,IF(E89="",0,TODAY()-E89)+ROW()/100000,"") | O89: =IF(N89="","",RANK(N89,$N$2:$N$1000))
A90: Intentional tacit knowledge hiding (Malawi) | B90: Journal of Knowledge Management | C90: A | D90: Rejected | E90: 45759 | F90: 45759 | G90: =IF(OR(E90="",J90=0),"",IF(F90<>"",F90-E90,TODAY()-E90)) -> 0 | J90: =IF(OR(D90="",D90="Planned"),0,1) -> 1 | K90: =IF(OR(D90="Under review",D90="Revision requested"),1,0) -> 0 | L90: =IF(AND(J90=1,E90<>""),E90+ROW()/100000,"") -> 45759.001 | M90: =IF(D90="Planned",ROW(),"") | N90: =IF(K90=1,IF(E90="",0,TODAY()-E90)+ROW()/100000,"") | O90: =IF(N90="","",RANK(N90,$N$2:$N$1000))
A91: Intentional tacit knowledge hiding (Malawi) | B91: VINE Journal of Information and Knowledge Management Systems | D91: Rejected | E91: 45759 | F91: 45759 | G91: =IF(OR(E91="",J91=0),"",IF(F91<>"",F91-E91,TODAY()-E91)) -> 0 | J91: =IF(OR(D91="",D91="Planned"),0,1) -> 1 | K91: =IF(OR(D91="Under review",D91="Revision requested"),1,0) -> 0 | L91: =IF(AND(J91=1,E91<>""),E91+ROW()/100000,"") -> 45759.001 | M91: =IF(D91="Planned",ROW(),"") | N91: =IF(K91=1,IF(E91="",0,TODAY()-E91)+ROW()/100000,"") | O91: =IF(N91="","",RANK(N91,$N$2:$N$1000))
A92: Intentional tacit knowledge hiding (Malawi) | B92: International Journal of Public Sector Management | C92: B | D92: Rejected | E92: 45761 | F92: 45815 | G92: =IF(OR(E92="",J92=0),"",IF(F92<>"",F92-E92,TODAY()-E92)) -> 54 | H92: Old sheet: ‘Scope for resubmission’ (highlighted) | J92: =IF(OR(D92="",D92="Planned"),0,1) -> 1 | K92: =IF(OR(D92="Under review",D92="Revision requested"),1,0) -> 0 | L92: =IF(AND(J92=1,E92<>""),E92+ROW()/100000,"") -> 45761.001 | M92: =IF(D92="Planned",ROW(),"") | N92: =IF(K92=1,IF(E92="",0,TODAY()-E92)+ROW()/100000,"") | O92: =IF(N92="","",RANK(N92,$N$2:$N$1000))
A93: Intentional tacit knowledge hiding (Malawi) | B93: International Journal of Information Management | C93: A* | D93: Rejected | E93: 45844 | F93: 45844 | G93: =IF(OR(E93="",J93=0),"",IF(F93<>"",F93-E93,TODAY()-E93)) -> 0 | I93: Intentional Tacit Knowledge Hiding and its Implications: Evidence from Public Sector Leadership | J93: =IF(OR(D93="",D93="Planned"),0,1) -> 1 | K93: =IF(OR(D93="Under review",D93="Revision requested"),1,0) -> 0 | L93: =IF(AND(J93=1,E93<>""),E93+ROW()/100000,"") -> 45844.001 | M93: =IF(D93="Planned",ROW(),"") | N93: =IF(K93=1,IF(E93="",0,TODAY()-E93)+ROW()/100000,"") | O93: =IF(N93="","",RANK(N93,$N$2:$N$1000))
A94: Intentional tacit knowledge hiding (Malawi) | B94: Public Management Review | C94: A | D94: Rejected | E94: 45845 | F94: 45855 | G94: =IF(OR(E94="",J94=0),"",IF(F94<>"",F94-E94,TODAY()-E94)) -> 10 | H94: Marked ‘Resubmitted’ on 9-Jul-25. ~100 papers/yr | I94: Intentional Tacit Knowledge Hiding in Public Sector Leadership: Risks for Governance and Succession | J94: =IF(OR(D94="",D94="Planned"),0,1) -> 1 | K94: =IF(OR(D94="Under review",D94="Revision requested"),1,0) -> 0 | L94: =IF(AND(J94=1,E94<>""),E94+ROW()/100000,"") -> 45845.001 | M94: =IF(D94="Planned",ROW(),"") | N94: =IF(K94=1,IF(E94="",0,TODAY()-E94)+ROW()/100000,"") | O94: =IF(N94="","",RANK(N94,$N$2:$N$1000))
A95: Intentional tacit knowledge hiding (Malawi) | B95: Review of Public Personnel Administration | C95: B | D95: Rejected | E95: 45855 | F95: 45862 | G95: =IF(OR(E95="",J95=0),"",IF(F95<>"",F95-E95,TODAY()-E95)) -> 7 | J95: =IF(OR(D95="",D95="Planned"),0,1) -> 1 | K95: =IF(OR(D95="Under review",D95="Revision requested"),1,0) -> 0 | L95: =IF(AND(J95=1,E95<>""),E95+ROW()/100000,"") -> 45855.001 | M95: =IF(D95="Planned",ROW(),"") | N95: =IF(K95=1,IF(E95="",0,TODAY()-E95)+ROW()/100000,"") | O95: =IF(N95="","",RANK(N95,$N$2:$N$1000))
A96: Intentional tacit knowledge hiding (Malawi) | B96: Public Personnel Management | C96: B | D96: Rejected | E96: 45863 | F96: 45869 | G96: =IF(OR(E96="",J96=0),"",IF(F96<>"",F96-E96,TODAY()-E96)) -> 6 | J96: =IF(OR(D96="",D96="Planned"),0,1) -> 1 | K96: =IF(OR(D96="Under review",D96="Revision requested"),1,0) -> 0 | L96: =IF(AND(J96=1,E96<>""),E96+ROW()/100000,"") -> 45863.001 | M96: =IF(D96="Planned",ROW(),"") | N96: =IF(K96=1,IF(E96="",0,TODAY()-E96)+ROW()/100000,"") | O96: =IF(N96="","",RANK(N96,$N$2:$N$1000))
A97: Intentional tacit knowledge hiding (Malawi) | B97: Qualitative Research in Organizations and Management (QROM) | C97: B | D97: Rejected | E97: 45903 | F97: 45905 | G97: =IF(OR(E97="",J97=0),"",IF(F97<>"",F97-E97,TODAY()-E97)) -> 2 | J97: =IF(OR(D97="",D97="Planned"),0,1) -> 1 | K97: =IF(OR(D97="Under review",D97="Revision requested"),1,0) -> 0 | L97: =IF(AND(J97=1,E97<>""),E97+ROW()/100000,"") -> 45903.001 | M97: =IF(D97="Planned",ROW(),"") | N97: =IF(K97=1,IF(E97="",0,TODAY()-E97)+ROW()/100000,"") | O97: =IF(N97="","",RANK(N97,$N$2:$N$1000))
A98: Intentional tacit knowledge hiding (Malawi) | B98: Global Knowledge, Memory and Communication | C98: B | D98: Returned by office | E98: 46184 | F98: 46229 | G98: =IF(OR(E98="",J98=0),"",IF(F98<>"",F98-E98,TODAY()-E98)) -> 45 | H98: Returned by editorial office: ethical consideration statement needed | J98: =IF(OR(D98="",D98="Planned"),0,1) -> 1 | K98: =IF(OR(D98="Under review",D98="Revision requested"),1,0) -> 0 | L98: =IF(AND(J98=1,E98<>""),E98+ROW()/100000,"") -> 46184.001 | M98: =IF(D98="Planned",ROW(),"") | N98: =IF(K98=1,IF(E98="",0,TODAY()-E98)+ROW()/100000,"") | O98: =IF(N98="","",RANK(N98,$N$2:$N$1000))
A99: Intentional tacit knowledge hiding (Malawi) | B99: Global Knowledge, Memory and Communication | C99: B | D99: Under review | E99: 46232 | G99: =IF(OR(E99="",J99=0),"",IF(F99<>"",F99-E99,TODAY()-E99)) -> 74 | H99: Resubmitted with ethics statement | J99: =IF(OR(D99="",D99="Planned"),0,1) -> 1 | K99: =IF(OR(D99="Under review",D99="Revision requested"),1,0) -> 1 | L99: =IF(AND(J99=1,E99<>""),E99+ROW()/100000,"") -> 46232.001 | M99: =IF(D99="Planned",ROW(),"") | N99: =IF(K99=1,IF(E99="",0,TODAY()-E99)+ROW()/100000,"") -> 74.00099 | O99: =IF(N99="","",RANK(N99,$N$2:$N$1000)) -> 4
A100: Intentional tacit knowledge hiding (Malawi) | B100: Group & Organization Management | C100: A | D100: Planned | G100: =IF(OR(E100="",J100=0),"",IF(F100<>"",F100-E100,TODAY()-E100)) | J100: =IF(OR(D100="",D100="Planned"),0,1) -> 0 | K100: =IF(OR(D100="Under review",D100="Revision requested"),1,0) -> 0 | L100: =IF(AND(J100=1,E100<>""),E100+ROW()/100000,"") | M100: =IF(D100="Planned",ROW(),"") -> 100 | N100: =IF(K100=1,IF(E100="",0,TODAY()-E100)+ROW()/100000,"") | O100: =IF(N100="","",RANK(N100,$N$2:$N$1000))
...

Sheet Calc
A1: Stage | B1: Papers | D1: Quarter start | E1: Quarter | F1: Submitted | G1: Decisions
A2: Revision due | B2: =COUNTIF(Papers!$F$2:$F$81,A2) -> 0 | D2: =EDATE(DATE(YEAR(TODAY()),3*INT((MONTH(TODAY())-1)/3)+1,1),-3*11) -> 45292 | E2: =YEAR(D2)&" Q"&INT((MONTH(D2)+2)/3) -> 2024 Q1 | F2: =COUNTIFS(Submissions!$E$2:$E$1000,">="&D2,Submissions!$E$2:$E$1000,"<"&EDATE(D2,3),Submissions!$J$2:$J$1000,1) -> 0 | G2: =COUNTIFS(Submissions!$F$2:$F$1000,">="&D2,Submissions!$F$2:$F$1000,"<"&EDATE(D2,3)) -> 0
A3: Needs resubmission | B3: =COUNTIF(Papers!$F$2:$F$81,A3) -> 3 | D3: =EDATE(DATE(YEAR(TODAY()),3*INT((MONTH(TODAY())-1)/3)+1,1),-3*10) -> 45383 | E3: =YEAR(D3)&" Q"&INT((MONTH(D3)+2)/3) -> 2024 Q2 | F3: =COUNTIFS(Submissions!$E$2:$E$1000,">="&D3,Submissions!$E$2:$E$1000,"<"&EDATE(D3,3),Submissions!$J$2:$J$1000,1) -> 7 | G3: =COUNTIFS(Submissions!$F$2:$F$1000,">="&D3,Submissions!$F$2:$F$1000,"<"&EDATE(D3,3)) -> 3
A4: Not yet submitted | B4: =COUNTIF(Papers!$F$2:$F$81,A4) -> 3 | D4: =EDATE(DATE(YEAR(TODAY()),3*INT((MONTH(TODAY())-1)/3)+1,1),-3*9) -> 45474 | E4: =YEAR(D4)&" Q"&INT((MONTH(D4)+2)/3) -> 2024 Q3 | F4: =COUNTIFS(Submissions!$E$2:$E$1000,">="&D4,Submissions!$E$2:$E$1000,"<"&EDATE(D4,3),Submissions!$J$2:$J$1000,1) -> 11 | G4: =COUNTIFS(Submissions!$F$2:$F$1000,">="&D4,Submissions!$F$2:$F$1000,"<"&EDATE(D4,3)) -> 10
A5: Under review | B5: =COUNTIF(Papers!$F$2:$F$81,A5) -> 10 | D5: =EDATE(DATE(YEAR(TODAY()),3*INT((MONTH(TODAY())-1)/3)+1,1),-3*8) -> 45566 | E5: =YEAR(D5)&" Q"&INT((MONTH(D5)+2)/3) -> 2024 Q4 | F5: =COUNTIFS(Submissions!$E$2:$E$1000,">="&D5,Submissions!$E$2:$E$1000,"<"&EDATE(D5,3),Submissions!$J$2:$J$1000,1) -> 7 | G5: =COUNTIFS(Submissions!$F$2:$F$1000,">="&D5,Submissions!$F$2:$F$1000,"<"&EDATE(D5,3)) -> 9
A6: Accepted | B6: =COUNTIF(Papers!$F$2:$F$81,A6) -> 0 | D6: =EDATE(DATE(YEAR(TODAY()),3*INT((MONTH(TODAY())-1)/3)+1,1),-3*7) -> 45658 | E6: =YEAR(D6)&" Q"&INT((MONTH(D6)+2)/3) -> 2025 Q1 | F6: =COUNTIFS(Submissions!$E$2:$E$1000,">="&D6,Submissions!$E$2:$E$1000,"<"&EDATE(D6,3),Submissions!$J$2:$J$1000,1) -> 3 | G6: =COUNTIFS(Submissions!$F$2:$F$1000,">="&D6,Submissions!$F$2:$F$1000,"<"&EDATE(D6,3)) -> 2
A7: Closed – rejected | B7: =COUNTIF(Papers!$F$2:$F$81,A7) -> 5 | D7: =EDATE(DATE(YEAR(TODAY()),3*INT((MONTH(TODAY())-1)/3)+1,1),-3*6) -> 45748 | E7: =YEAR(D7)&" Q"&INT((MONTH(D7)+2)/3) -> 2025 Q2 | F7: =COUNTIFS(Submissions!$E$2:$E$1000,">="&D7,Submissions!$E$2:$E$1000,"<"&EDATE(D7,3),Submissions!$J$2:$J$1000,1) -> 18 | G7: =COUNTIFS(Submissions!$F$2:$F$1000,">="&D7,Submissions!$F$2:$F$1000,"<"&EDATE(D7,3)) -> 14
A8: Parked | B8: =COUNTIF(Papers!$F$2:$F$81,A8) -> 0 | D8: =EDATE(DATE(YEAR(TODAY()),3*INT((MONTH(TODAY())-1)/3)+1,1),-3*5) -> 45839 | E8: =YEAR(D8)&" Q"&INT((MONTH(D8)+2)/3) -> 2025 Q3 | F8: =COUNTIFS(Submissions!$E$2:$E$1000,">="&D8,Submissions!$E$2:$E$1000,"<"&EDATE(D8,3),Submissions!$J$2:$J$1000,1) -> 9 | G8: =COUNTIFS(Submissions!$F$2:$F$1000,">="&D8,Submissions!$F$2:$F$1000,"<"&EDATE(D8,3)) -> 14
D9: =EDATE(DATE(YEAR(TODAY()),3*INT((MONTH(TODAY())-1)/3)+1,1),-3*4) -> 45931 | E9: =YEAR(D9)&" Q"&INT((MONTH(D9)+2)/3) -> 2025 Q4 | F9: =COUNTIFS(Submissions!$E$2:$E$1000,">="&D9,Submissions!$E$2:$E$1000,"<"&EDATE(D9,3),Submissions!$J$2:$J$1000,1) -> 0 | G9: =COUNTIFS(Submissions!$F$2:$F$1000,">="&D9,Submissions!$F$2:$F$1000,"<"&EDATE(D9,3)) -> 1
D10: =EDATE(DATE(YEAR(TODAY()),3*INT((MONTH(TODAY())-1)/3)+1,1),-3*3) -> 46023 | E10: =YEAR(D10)&" Q"&INT((MONTH(D10)+2)/3) -> 2026 Q1 | F10: =COUNTIFS(Submissions!$E$2:$E$1000,">="&D10,Submissions!$E$2:$E$1000,"<"&EDATE(D10,3),Submissions!$J$2:$J$1000,1) -> 6 | G10: =COUNTIFS(Submissions!$F$2:$F$1000,">="&D10,Submissions!$F$2:$F$1000,"<"&EDATE(D10,3)) -> 5
D11: =EDATE(DATE(YEAR(TODAY()),3*INT((MONTH(TODAY())-1)/3)+1,1),-3*2) -> 46113 | E11: =YEAR(D11)&" Q"&INT((MONTH(D11)+2)/3) -> 2026 Q2 | F11: =COUNTIFS(Submissions!$E$2:$E$1000,">="&D11,Submissions!$E$2:$E$1000,"<"&EDATE(D11,3),Submissions!$J$2:$J$1000,1) -> 5 | G11: =COUNTIFS(Submissions!$F$2:$F$1000,">="&D11,Submissions!$F$2:$F$1000,"<"&EDATE(D11,3)) -> 3
D12: =EDATE(DATE(YEAR(TODAY()),3*INT((MONTH(TODAY())-1)/3)+1,1),-3*1) -> 46204 | E12: =YEAR(D12)&" Q"&INT((MONTH(D12)+2)/3) -> 2026 Q3 | F12: =COUNTIFS(Submissions!$E$2:$E$1000,">="&D12,Submissions!$E$2:$E$1000,"<"&EDATE(D12,3),Submissions!$J$2:$J$1000,1) -> 10 | G12: =COUNTIFS(Submissions!$F$2:$F$1000,">="&D12,Submissions!$F$2:$F$1000,"<"&EDATE(D12,3)) -> 9
D13: =EDATE(DATE(YEAR(TODAY()),3*INT((MONTH(TODAY())-1)/3)+1,1),-3*0) -> 46296 | E13: =YEAR(D13)&" Q"&INT((MONTH(D13)+2)/3) -> 2026 Q4 | F13: =COUNTIFS(Submissions!$E$2:$E$1000,">="&D13,Submissions!$E$2:$E$1000,"<"&EDATE(D13,3),Submissions!$J$2:$J$1000,1) -> 8 | G13: =COUNTIFS(Submissions!$F$2:$F$1000,">="&D13,Submissions!$F$2:$F$1000,"<"&EDATE(D13,3)) -> 4
